,SMILES
0,CC
1,CC
2,CC
3,CC
4,CC
5,CC
6,CC
7,CC
8,CC
9,CC
10,CC
11,CC
12,CN
13,CC
14,CC
15,CC
16,CC
17,CC
18,CC
19,CC
20,CC
21,CC
22,CC
23,CC
24,CC
25,CC
26,CC
27,CC
28,CC
29,CC
30,CC
31,CC
32,CC
33,CC
34,CC
35,CC
36,CC
37,CC
38,CC
39,CC
40,CC
41,CC
42,CC
43,CC
44,CC
45,CC
46,CC
47,CC
48,CC
49,CC
50,CC
51,CC
52,CC
53,CC
54,CC
55,CC
56,CC
57,CC
58,CC
59,CC
60,CC
61,CC
62,CC
63,CC
64,CC
65,CC
66,CC
67,CC
68,CC
69,CC
70,CC
71,CC
72,CC
73,CC
74,CC
75,CC
76,CC
77,CC
78,CC
79,CC
80,CC
81,CC
82,CC
83,CC
84,CC
85,CC
86,CC
87,CC
88,CC
89,CC
90,CC
91,CC
92,CC
93,CC
94,CC
95,CC
96,CC
97,CC
98,CC
99,CC
100,CC
101,CC
102,CC
103,CC
104,CC
105,CC
106,CC
107,CC
108,CC
109,CC
110,CC
111,CC
112,CC
113,CC
114,CC
115,CC
116,CC
117,CC
118,CC
119,CC
120,CC
121,CC
122,CC
123,CC
124,CC
125,CC
126,CC
127,CC
128,CC
129,CC
130,CC
131,CC
132,CC
133,CC
134,CC
135,CC
136,CC
137,CC
138,CC
139,CC
140,CC
141,CC
142,CC
143,CC
144,CC
145,CC
146,CC
147,CC
148,CC
149,CC
150,CC
151,CC
152,CC
153,CC
154,CC
155,CC
156,CC
157,CC
158,CC
159,CC
160,CC
161,CC
162,CC
163,CO
164,CC
165,CC
166,CC
167,CC
168,CC
169,CC
170,CC
171,CC
172,CC
173,CC
174,CC
175,CC
176,CC
177,CC
178,CC
179,CC
180,CC
181,CC
182,CC
183,CC
184,CC
185,CC
186,CC
187,CC
188,CO
189,CC
190,CC
191,CC
192,CC
193,CC
194,CC
195,CC
196,CC
197,CC
198,CC
199,CC
200,CC
201,CC
202,CC
203,CC
204,CC
205,CC
206,CC
207,CC
208,CC
209,CC
210,CO
211,CC
212,CC
213,CC
214,CC
215,CC
216,CC
217,CC
218,CC
219,CC
220,CC
221,CC
222,CC
223,CC
224,CC
225,CC
226,CC
227,CC
228,CC
229,CC
230,CC
231,CC
232,CC
233,CC
234,CC
235,CC
236,CC
237,CC
238,CC
239,CC
240,CC
241,CC
242,CC
243,CC
244,CC
245,CC
246,CC
247,CC
248,CC
249,CC
250,CC
251,CC
252,CC
253,CC
254,CC
255,CC
256,CC
257,CC
258,CC
259,CC
260,CC
261,CC
262,CC
263,CC
264,CC
265,CC
266,CC
267,CC
268,CC
269,CO
270,CC
271,CC
272,CC
273,CO
274,CC
275,CC
276,CC
277,CC
278,CC
279,CC
280,CC
281,CC
282,CC
283,CC
284,CC
285,CC
286,CC
287,CC
288,CC
289,CC
290,CC
291,CC
292,CC
293,CC
294,CC
295,CC
296,CC
297,CC
298,CC
299,CC
300,CC
301,CC
302,CC
303,CC
304,CC
305,CC
306,CC
307,CC
308,CC
309,CC
310,CC
311,CC
312,CC
313,CC
314,CC
315,CC
316,CC
317,CC
318,CC
319,CC
320,CC
321,CC
322,CC
323,CC
324,CC
325,CC
326,CC
327,CC
328,CC
329,CC
330,CC
331,CC
332,CC
333,CC
334,CC
335,CC
336,CC
337,CC
338,CC
339,CC
340,CC
341,CC
342,CC
343,CC
344,CC
345,CC
346,CC
347,CC
348,CC
349,CC
350,CC
351,CC
352,CC
353,CC
354,CC
355,CC
356,CC
357,CC
358,CC
359,CC
360,CC
361,CC
362,CC
363,CC
364,CC
365,CC
366,CC
367,CC
368,CC
369,CC
370,CC
371,CC
372,CC
373,CC
374,CC
375,CC
376,CC
377,CC
378,CC
379,CC
380,CC
381,CC
382,CC
383,CC
384,CC
385,CC
386,CC
387,CC
388,CC
389,CC
390,CC
391,CC
392,CC
393,CC
394,CC
395,CC
396,CC
397,CC
398,CC
399,CC
400,CC
401,CC
402,CC
403,CC
404,CC
405,CC
406,CC
407,CC
408,CC
409,CC
410,CC
411,CC
412,CC
413,CC
414,CC
415,CC
416,CC
417,CC
418,CC
419,CC
420,CC
421,CC
422,CC
423,CC
424,CC
425,CC
426,CC
427,CC
428,CC
429,CC
430,CC
431,CC
432,CC
433,CC
434,CC
435,CC
436,CC
437,CC
438,CC
439,CC
440,CC
441,CC
442,CC
443,CC
444,CC
445,CC
446,CC
447,CC
448,CC
449,CC
450,CC
451,CC
452,CC
453,CC
454,CC
455,CC
456,CC
457,CC
458,CC
459,CC
460,CC
461,CC
462,CC
463,CC
464,CC
465,CC
466,CC
467,CC
468,CC
469,CC
470,CC
471,CC
472,CC
473,CC
474,CC
475,CC
476,CC
477,CC
478,CC
479,CC
480,CO
481,CC
482,CC
483,CC
484,CC
485,CC
486,CC
487,CC
488,CC
489,CC
490,CC
491,CC
492,CC
493,CC
494,CC
495,CC
496,CC
497,CC
498,CC
499,CC
500,CC
501,CC
502,CC
503,CC
504,CC
505,CC
506,CC
507,CC
508,CC
509,CC
510,CC
511,CC
512,CC
513,CC
514,CC
515,CC
516,CC
517,CC
518,CC
519,CC
520,CC
521,CC
522,CC
523,CC
524,CC
525,CC
526,CC
527,CC
528,CC
529,CC
530,CC
531,CC
532,CC
533,CC
534,CC
535,CC
536,CC
537,CC
538,CC
539,CC
540,CC
541,CC
542,CC
543,CC
544,CC
545,CC
546,CC
547,CC
548,CC
549,CC
550,CC
551,CC
552,CC
553,CC
554,CC
555,CC
556,CC
557,CC
558,CC
559,CC
560,CC
561,CO
562,CC
563,CC
564,CC
565,CC
566,CC
567,CC
568,CC
569,CC
570,CC
571,CC
572,CC
573,CC
574,CC
575,CC
576,CC
577,CC
578,CC
579,CC
580,CC
581,CO
582,CC
583,CC
584,CC
585,CC
586,CC
587,CC
588,CC
589,CC
590,CC
591,CC
592,CC
593,CC
594,CC
595,CC
596,CC
597,CC
598,CC
599,CC
600,CC
601,CC
602,CC
603,CC
604,CC
605,CC
606,CC
607,CC
608,CC
609,CC
610,CC
611,CC
612,CC
613,CC
614,CC
615,CC
616,CC
617,CC
618,CC
619,CC
620,CC
621,CC
622,CC
623,CC
624,CC
625,CC
626,CC
627,CC
628,CC
629,CC
630,CC
631,CC
632,CC
633,CC
634,CC
635,CC
636,CC
637,CC
638,CC
639,CC
640,CC
641,CC
642,CC
643,CC
644,CC
645,CC
646,CC
647,CC
648,CC
649,CC
650,CC
651,CC
652,CC
653,CC
654,CC
655,CC
656,CC
657,CC
658,CC
659,CC
660,CC
661,CC
662,CC
663,CC
664,CC
665,CC
666,CC
667,CC
668,CC
669,CC
670,CC
671,CC
672,CC
673,CC
674,CC
675,CC
676,CC
677,CC
678,CC
679,CC
680,CC
681,CC
682,CC
683,CC
684,CC
685,CC
686,CC
687,CC
688,CC
689,CC
690,CC
691,CC
692,CC
693,CC
694,CC
695,CC
696,CC
697,CC
698,CC
699,CC
700,CC
701,CC
702,CC
703,CC
704,CC
705,CC
706,CC
707,CC
708,CC
709,CC
710,CC
711,CC
712,CC
713,CC
714,CC
715,CC
716,CC
717,CC
718,CC
719,CC
720,CC
721,CC
722,CC
723,CC
724,CC
725,CC
726,CC
727,CC
728,CC
729,CC
730,CC
731,CC
732,CC
733,CC
734,CC
735,CC
736,CC
737,CC
738,CC
739,CC
740,CC
741,CC
742,CC
743,CC
744,CC
745,CC
746,CC
747,CC
748,CC
749,CC
750,CC
751,CC
752,CC
753,CC
754,CC
755,CC
756,CC
757,CC
758,CC
759,CC
760,CC
761,CC
762,CC
763,CC
764,CC
765,CC
766,CC
767,CC
768,CC
769,CC
770,CC
771,CC
772,CC
773,CC
774,CC
775,CC
776,CC
777,CC
778,CC
779,CC
780,CC
781,CC
782,CC
783,CC
784,CC
785,CC
786,CC
787,CC
788,CC
789,CC
790,CC
791,CC
792,CC
793,CC
794,CC
795,CC
796,CC
797,CC
798,CC
799,CC
800,CC
801,CC
802,CC
803,CC
804,CC
805,CC
806,CC
807,CC
808,CC
809,CC
810,CC
811,CC
812,CC
813,CC
814,CC
815,CC
816,CC
817,CC
818,CC
819,CC
820,CC
821,CC
822,CC
823,CC
824,CC
825,CC
826,CC
827,CC
828,CC
829,CC
830,CC
831,CC
832,CC
833,CC
834,CC
835,CC
836,CC
837,CC
838,CC
839,CC
840,CC
841,CC
842,CC
843,CC
844,CC
845,CC
846,CC
847,CC
848,CC
849,CC
850,CC
851,CC
852,CC
853,CC
854,CC
855,CC
856,CC
857,CC
858,CC
859,CC
860,CC
861,CC
862,CC
863,CC
864,CC
865,CC
866,CC
867,CC
868,CC
869,CC
870,CC
871,CO
872,CC
873,CC
874,CC
875,CC
876,CC
877,CC
878,CC
879,CC
880,CC
881,CC
882,CC
883,CC
884,CC
885,CC
886,CC
887,CC
888,CC
889,CC
890,CC
891,CC
892,CC
893,CC
894,CC
895,CC
896,CC
897,CC
898,CC
899,CO
900,CC
901,CC
902,CC
903,CC
904,CC
905,CC
906,CC
907,CC
908,CC
909,CC
910,CC
911,CC
912,CC
913,CC
914,CC
915,CC
916,CC
917,CC
918,CC
919,CC
920,CC
921,CC
922,CC
923,CC
924,CC
925,CC
926,CC
927,CC
928,CC
929,CC
930,CC
931,CC
932,CC
933,CC
934,CC
935,CC
936,CC
937,CC
938,CC
939,CC
940,CC
941,CC
942,CC
943,CC
944,CC
945,CC
946,CC
947,CC
948,CC
949,CC
950,CC
951,CC
952,CC
953,CC
954,CC
955,CC
956,CC
957,CC
958,CC
959,CC
960,CC
961,CC
962,CC
963,CC
964,CC
965,CC
966,CC
967,CC
968,CC
969,CC
970,CC
971,CC
972,CC
973,CC
974,CC
975,CC
976,CC
977,CC
978,CC
979,CC
980,CC
981,CC
982,CC
983,CC
984,CC
985,CC
986,CC
987,CC
988,CC
989,CC
990,CC
991,CC
992,CC
993,CC
994,CC
995,CC
996,CC
997,CC
998,CC
999,CC
1000,CC
1001,CC
1002,CC
1003,CC
1004,CO
1005,CC
1006,CC
1007,CC
1008,CC
1009,CC
1010,CC
1011,CC
1012,CC
1013,CC
1014,CC
1015,CC
1016,CC
1017,CC
1018,CC
1019,CC
1020,CC
1021,CC
1022,CC
1023,CC
1024,CC
1025,CC
1026,CC
1027,CC
1028,CC
1029,CC
1030,CC
1031,CC
1032,CC
1033,CC
1034,CC
1035,CC
1036,CC
1037,CC
1038,CC
1039,CC
1040,CC
1041,CC
1042,CC
1043,CC
1044,CC
1045,CC
1046,CC
1047,CC
1048,CC
1049,CC
1050,CC
1051,CC
1052,CC
1053,CC
1054,CC
1055,CC
1056,CC
1057,CC
1058,CC
1059,CC
1060,CC
1061,CC
1062,CC
1063,CC
1064,CC
1065,Cc1ccccc1
1066,CC
1067,CC
1068,CC
1069,CC
1070,CC
1071,CC
1072,CC
1073,CC
1074,CC
1075,CC
1076,CC
1077,CC
1078,CC
1079,CC
1080,CC
1081,CC
1082,CC
1083,CC
1084,CC
1085,CC
1086,CC
1087,CC
1088,CC
1089,CC
1090,CC
1091,CC
1092,CC
1093,CC
1094,CC
1095,CC
1096,CC
1097,CC
1098,CO
1099,CC
1100,CC
1101,CC
1102,CC
1103,CC
1104,CC
1105,CC
1106,CC
1107,CC
1108,CC
1109,CC
1110,CC
1111,CC
1112,CC
1113,CC
1114,CC
1115,CC
1116,CC
1117,CC
1118,CC
1119,CC
1120,CC
1121,CC
1122,CC
1123,CC
1124,CC
1125,CC
1126,CC
1127,CC
1128,CC
1129,CC
1130,CC
1131,CC
1132,CC
1133,CC
1134,CC
1135,CC
1136,CC
1137,CC
1138,CC
1139,CC
1140,CC
1141,CC
1142,CC
1143,CC
1144,CC
1145,CC
1146,CC
1147,CC
1148,CC
1149,CC
1150,CC
1151,CC
1152,CC
1153,CC
1154,CC
1155,CC
1156,CC
1157,CC
1158,CC
1159,CC
1160,CC
1161,CC
1162,CC
1163,CC
1164,CC
1165,CC
1166,CC
1167,CC
1168,CC
1169,CC
1170,CC
1171,CC
1172,CC
1173,CC
1174,CC
1175,CC
1176,CC
1177,CC
1178,CC
1179,CC
1180,CC
1181,CC
1182,CC
1183,CC
1184,CC
1185,CC
1186,CC
1187,CC
1188,CC
1189,CC
1190,CC
1191,CC
1192,CC
1193,CC
1194,CC
1195,CC
1196,CC
1197,CC
1198,CC
1199,CC
1200,CC
1201,CC
1202,CC
1203,CC
1204,CN
1205,CC
1206,CC
1207,CC
1208,CC
1209,CC
1210,CC
1211,CC
1212,CC
1213,CC
1214,CC
1215,CC
1216,CC
1217,CC
1218,CC
1219,CC
1220,CC
1221,CC
1222,CC
1223,CC
1224,CC
1225,CC
1226,CC
1227,CC
1228,CC
1229,CC
1230,CC
1231,CC
1232,CC
1233,CC
1234,CC
1235,CC
1236,CC
1237,CC
1238,CC
1239,CC
1240,CC
1241,CC
1242,CC
1243,CC
1244,CC
1245,CC
1246,CC
1247,CC
1248,CO
1249,CC
1250,CC
1251,CC
1252,CO
1253,CC
1254,CC
1255,CC
1256,CC
1257,CC
1258,CC
1259,CC
1260,CC
1261,CC
1262,CC
1263,CC
1264,CC
1265,CC
1266,CC
1267,CC
1268,CC
1269,CC
1270,CC
1271,CC
1272,CC
1273,CC
1274,CC
1275,CC
1276,CC
1277,CC
1278,CC
1279,CC
1280,CC
1281,CC
1282,CC
1283,CC
1284,CC
1285,CC
1286,CC
1287,CC
1288,CC
1289,CC
1290,CC
1291,CC
1292,CC
1293,CC
1294,CC
1295,CC
1296,CC
1297,CC
1298,CC
1299,CC
1300,CC
1301,CC
1302,CC
1303,CC
1304,CC
1305,CC
1306,CC
1307,CC
1308,CC
1309,CC
1310,CC
1311,CC
1312,CC
1313,CC
1314,CC
1315,CC
1316,CC
1317,CC
1318,CC
1319,CC
1320,CC
1321,CC
1322,CC
1323,CC
1324,CC
1325,CC
1326,CC
1327,CC
1328,CC
1329,CC
1330,CC
1331,CC
1332,CC
1333,CC
1334,CC
1335,CC
1336,CC
1337,CC
1338,CC
1339,CC
1340,CC
1341,CC
1342,CC
1343,CC
1344,CC
1345,CC
1346,CC
1347,CC
1348,CC
1349,CC
1350,CC
1351,CC
1352,CC
1353,CC
1354,CC
1355,CC
1356,CC
1357,CC
1358,CC
1359,CC
1360,CC
1361,CC
1362,CC
1363,CC
1364,CC
1365,CC
1366,CC
1367,CC
1368,CC
1369,CC
1370,CC
1371,CC
1372,CC
1373,CC
1374,CC
1375,CC
1376,CC
1377,CC
1378,CC
1379,CC
1380,CC
1381,CC
1382,CC
1383,CC
1384,CC
1385,CC
1386,CC
1387,CC
1388,CC
1389,CC
1390,CC
1391,CC
1392,CC
1393,CC
1394,CC
1395,CC
1396,CC
1397,CC
1398,CC
1399,CC
1400,CC
1401,CC
1402,CC
1403,CC
1404,CC
1405,CC
1406,CC
1407,CC
1408,CC
1409,CC
1410,CC
1411,CC
1412,CC
1413,CC
1414,CC
1415,CC
1416,CC
1417,CC
1418,CC
1419,CC
1420,CC
1421,CC
1422,CC
1423,CC
1424,CC
1425,CC
1426,CC
1427,CC
1428,CC
1429,CC
1430,CC
1431,CC
1432,CC
1433,CC
1434,CC
1435,CC
1436,CC
1437,CC
1438,CC
1439,CC
1440,CC
1441,CC
1442,CC
1443,CC
1444,CC
1445,CC
1446,CC
1447,CC
1448,CC
1449,CC
1450,CC
1451,CC
1452,CC
1453,CC
1454,CC
1455,CC
1456,CC
1457,CC
1458,CC
1459,CC
1460,CC
1461,CC
1462,CC
1463,CC
1464,CC
1465,CC
1466,CC
1467,CC
1468,CC
1469,CC
1470,CC
1471,CC
1472,CC
1473,CC
1474,CC
1475,CC
1476,CC
1477,CC
1478,CC
1479,CC
1480,CC
1481,CC
1482,CC
1483,CC
1484,CC
1485,CC
1486,CC
1487,CC
1488,CC
1489,CC
1490,CC
1491,CC
1492,CC
1493,CC
1494,CC
1495,CC
1496,CC
1497,CC
1498,CC
1499,CC
1500,CC
1501,CC
1502,CC
1503,CC
1504,CC
1505,CC
1506,CC
1507,CC
1508,CC
1509,CC
1510,CC
1511,CC
1512,CC
1513,CC
1514,CC
1515,CC
1516,CC
1517,CC
1518,CC
1519,CC
1520,CC
1521,CC
1522,CC
1523,CC
1524,CC
1525,CC
1526,CC
1527,CC
1528,CC
1529,CC
1530,CC
1531,CC
1532,CC
1533,CC
1534,CC
1535,CC
1536,CC
1537,CC
1538,CC
1539,CC
1540,CC
1541,CN
1542,CC
1543,CC
1544,CC
1545,CC
1546,CC
1547,CC
1548,CC
1549,CC
1550,CC
1551,CC
1552,CC
1553,CC
1554,CC
1555,CC
1556,CC
1557,CC
1558,CC
1559,CC
1560,CC
1561,CC
1562,CC
1563,CC
1564,CC
1565,CC
1566,CC
1567,CC
1568,CC
1569,CC
1570,CC
1571,CC
1572,CC
1573,CC
1574,CC
1575,CC
1576,CC
1577,CC
1578,CC
1579,CC
1580,CC
1581,CC
1582,CC
1583,CC
1584,CC
1585,CC
1586,CC
1587,CC
1588,CC
1589,CC
1590,CC
1591,CC
1592,CC
1593,CC
1594,CC
1595,CC
1596,CC
1597,CC
1598,CC
1599,CC
1600,CC
1601,CC
1602,CC
1603,CC
1604,CC
1605,CC
1606,CC
1607,CC
1608,CC
1609,CC
1610,CC
1611,CC
1612,CC
1613,CC
1614,CC
1615,CC
1616,CC
1617,CC
1618,CC
1619,CC
1620,CC
1621,CC
1622,CC
1623,CC
1624,CC
1625,CC
1626,CC
1627,CC
1628,CC
1629,CC
1630,CC
1631,CC
1632,CC
1633,CC
1634,CC
1635,CC
1636,CC
1637,CC
1638,CC
1639,CC
1640,CC
1641,CC
1642,CC
1643,CC
1644,CC
1645,CC
1646,CC
1647,CC
1648,CC
1649,CC
1650,CC
1651,CC
1652,CC
1653,CC
1654,CC
1655,CC
1656,CC
1657,CC
1658,CC
1659,CC
1660,CC
1661,CC
1662,CC
1663,CC
1664,CC
1665,CC
1666,CC
1667,CC
1668,CC
1669,CC
1670,CC
1671,CC
1672,CC
1673,CC
1674,CC
1675,CC
1676,CC
1677,CC
1678,CC
1679,CC
1680,CC
1681,CC
1682,CC
1683,CC
1684,CC
1685,CC
1686,CC
1687,CC
1688,CC
1689,CC
1690,CC
1691,CC
1692,CC
1693,CC
1694,CC
1695,CC
1696,CC
1697,CC
1698,CC
1699,CC
1700,CC
1701,CC
1702,CC
1703,CC
1704,CC
1705,CC
1706,CC
1707,CC
1708,CC
1709,CC
1710,CC
1711,CC
1712,CC
1713,CC
1714,CC
1715,CC
1716,CC
1717,CC
1718,CC
1719,CC
1720,CC
1721,CC
1722,CC
1723,CC
1724,CC
1725,CC
1726,CC
1727,CC
1728,CC
1729,CC
1730,CC
1731,CC
1732,CC
1733,CC
1734,CC
1735,CC
1736,CC
1737,CC
1738,CC
1739,CC
1740,CC
1741,CC
1742,CC
1743,CC
1744,CC
1745,CC
1746,CC
1747,CC
1748,CC
1749,CC
1750,CC
1751,CC
1752,CC
1753,CC
1754,CC
1755,CC
1756,CC
1757,CC
1758,CC
1759,CC
1760,CC
1761,CC
1762,CC
1763,CC
1764,CC
1765,CC
1766,CC
1767,CC
1768,CC
1769,CC
1770,CC
1771,CC
1772,CC
1773,CC
1774,CC
1775,CC
1776,CC
1777,CC
1778,CC
1779,CC
1780,CC
1781,CC
1782,CC
1783,CC
1784,CC
1785,CC
1786,CC
1787,CC
1788,CC
1789,CC
1790,CC
1791,CC
1792,CC
1793,CC
1794,CC
1795,CC
1796,CC
1797,CC
1798,CC
1799,CC
1800,CC
1801,CC
1802,CC
1803,CC
1804,CC
1805,CC
1806,CC
1807,CC
1808,CC
1809,CC
1810,CC
1811,CC
1812,CC
1813,CC
1814,CC
1815,CC
1816,CC
1817,CC
1818,CC
1819,CC
1820,CC
1821,CC
1822,CC
1823,CC
1824,CN
1825,CC
1826,CC
1827,CC
1828,CC
1829,CC
1830,CC
1831,CC
1832,CC
1833,CC
1834,CC
1835,CC
1836,CC
1837,CC
1838,CC
1839,CC
1840,CC
1841,CC
1842,CC
1843,CC
1844,CC
1845,CC
1846,CC
1847,CC
1848,CC
1849,CC
1850,CC
1851,CC
1852,CC
1853,CC
1854,CC
1855,CC
1856,CC
1857,CC
1858,CC
1859,CC
1860,CC
1861,CC
1862,CC
1863,CC
1864,CC
1865,CC
1866,CC
1867,CC
1868,CC
1869,CC
1870,CC
1871,CC
1872,CC
1873,CC
1874,CC
1875,CC
1876,CC
1877,CC
1878,CC
1879,CC
1880,CC
1881,CC
1882,CC
1883,CC
1884,CC
1885,CC
1886,CC
1887,CC
1888,CC
1889,CC
1890,CC
1891,CC
1892,CC
1893,CC
1894,CC
1895,CC
1896,CC
1897,CC
1898,CC
1899,CC
1900,CC
1901,CC
1902,CC
1903,CC
1904,CC
1905,CC
1906,CC
1907,CC
1908,CC
1909,CC
1910,CC
1911,CC
1912,CC
1913,CC
1914,CC
1915,CC
1916,CC
1917,CC
1918,CC
1919,CC
1920,CC
1921,CC
1922,CC
1923,CC
1924,CC
1925,CC
1926,CC
1927,CC
1928,CC
1929,CC
1930,CC
1931,CC
1932,CC
1933,CC
1934,CC
1935,CC
1936,CC
1937,CC
1938,CC
1939,CC
1940,CC
1941,CC
1942,CC
1943,CC
1944,CC
1945,CC
1946,CC
1947,CC
1948,CC
1949,CC
1950,CC
1951,CC
1952,CC
1953,CC
1954,CC
1955,CC
1956,CC
1957,CC
1958,CC
1959,CC
1960,CC
1961,CC
1962,CC
1963,CC
1964,CC
1965,CC
1966,CC
1967,CO
1968,CC
1969,CC
1970,CC
1971,CC
1972,CC
1973,CC
1974,CC
1975,CC
1976,CC
1977,CC
1978,CC
1979,CC
1980,CC
1981,CC
1982,CC
1983,CC
1984,CC
1985,CC
1986,CC
1987,CC
1988,CC
1989,CC
1990,CC
1991,CC
1992,CC
1993,CC
1994,CC
1995,CC
1996,CC
1997,CC
1998,CC
1999,CC
2000,CC
2001,CC
2002,CC
2003,CC
2004,CC
2005,CC
2006,CC
2007,CC
2008,CC
2009,CC
2010,CC
2011,CC
2012,CC
2013,CC
2014,CC
2015,CC
2016,CC
2017,CC
2018,CC
2019,CC
2020,CC
2021,CC
2022,CC
2023,CC
2024,CC
2025,CC
2026,CC
2027,CC
2028,CC
2029,CC
2030,CC
2031,CC
2032,CC
2033,CC
2034,CC
2035,CC
2036,CC
2037,CC
2038,CC
2039,CC
2040,CC
2041,CC
2042,CC
2043,CC
2044,CC
2045,CC
2046,CC
2047,CC
2048,CC
2049,CC
2050,CC
2051,CC
2052,CC
2053,CC
2054,CC
2055,CC
2056,CC
2057,CC
2058,CC
2059,CC
2060,CC
2061,CC
2062,CC
2063,CC
2064,CC
2065,CC
2066,CC
2067,CC
2068,CC
2069,CC
2070,CC
2071,CC
2072,CC
2073,CC
2074,CC
2075,CC
2076,CC
2077,CC
2078,CC
2079,CC
2080,CC
2081,CC
2082,CC
2083,CC
2084,CC
2085,CC
2086,CC
2087,CC
2088,CC
2089,CC
2090,CC
2091,CO
2092,CC
2093,CC
2094,CC
2095,CC
2096,CC
2097,CC
2098,CC
2099,CC
2100,CC
2101,CC
2102,CC
2103,CC
2104,CC
2105,CC
2106,CC
2107,CC
2108,CC
2109,CC
2110,CC
2111,CC
2112,CC
2113,CC
2114,CC
2115,CC
2116,CC
2117,CC
2118,CC
2119,CO
2120,CC
2121,CC
2122,CC
2123,CC
2124,CC
2125,CC
2126,CC
2127,CC
2128,CC
2129,CC
2130,CC
2131,CC
2132,CC
2133,CC
2134,CC
2135,CC
2136,CC
2137,CC
2138,CC
2139,CC
2140,CC
2141,CC
2142,CC
2143,CC
2144,CC
2145,CC
2146,CC
2147,CC
2148,CC
2149,CC
2150,CC
2151,CC
2152,CC
2153,CC
2154,CC
2155,CC
2156,CC
2157,CC
2158,CO
2159,CC
2160,CC
2161,CC
2162,CC
2163,CC
2164,CC
2165,CC
2166,CC
2167,CC
2168,CC
2169,CC
2170,CC
2171,CC
2172,CC
2173,CC
2174,CC
2175,CC
2176,CC
2177,CO
2178,CC
2179,CO
2180,CC
2181,CC
2182,CC
2183,CC
2184,CC
2185,CC
2186,CC
2187,CC
2188,CC
2189,CC
2190,CC
2191,CC
2192,CC
2193,CC
2194,CC
2195,CC
2196,CC
2197,CC
2198,CC
2199,CC
2200,CC
2201,CC
2202,CC
2203,CC
2204,CC
2205,CC
2206,CC
2207,CC
2208,CC
2209,CC
2210,CC
2211,CC
2212,CC
2213,CC
2214,CC
2215,CC
2216,CC
2217,CC
2218,CC
2219,CC
2220,CC
2221,CC
2222,CC
2223,CC
2224,CC
2225,CC
2226,CC
2227,CC
2228,CC
2229,CC
2230,CC
2231,CC
2232,CN
2233,CC
2234,CC
2235,CC
2236,CC
2237,CC
2238,CC
2239,CC
2240,CC
2241,CC
2242,CC
2243,CC
2244,CC
2245,CC
2246,CC
2247,CC
2248,CC
2249,CC
2250,CC
2251,CC
2252,CC
2253,CC
2254,CC
2255,CC
2256,CC
2257,CC
2258,CC
2259,CC
2260,CC
2261,CC
2262,CC
2263,CC
2264,CC
2265,CC
2266,CC
2267,CC
2268,CC
2269,CC
2270,CC
2271,CC
2272,CC
2273,CC
2274,CC
2275,CC
2276,CC
2277,CC
2278,CC
2279,CC
2280,CC
2281,CC
2282,CC
2283,CC
2284,CC
2285,CC
2286,CC
2287,CC
2288,CC
2289,CC
2290,CC
2291,CC
2292,CC
2293,CC
2294,CC
2295,CC
2296,CC
2297,CC
2298,CC
2299,CC
2300,CC
2301,CC
2302,CC
2303,CC
2304,CC
2305,CC
2306,CC
2307,CC
2308,CC
2309,CC
2310,CC
2311,CC
2312,CC
2313,CC
2314,CC
2315,CC
2316,CC
2317,CC
2318,CC
2319,CC
2320,CC
2321,CC
2322,CC
2323,CC
2324,CC
2325,CC
2326,CC
2327,CC
2328,CC
2329,CC
2330,CC
2331,CC
2332,CC
2333,CC
2334,CC
2335,CC
2336,CC
2337,CC
2338,CC
2339,CC
2340,CC
2341,CC
2342,CC
2343,CC
2344,CC
2345,CC
2346,CC
2347,CC
2348,CC
2349,CC
2350,CC
2351,CC
2352,CC
2353,CC
2354,CC
2355,CC
2356,CC
2357,CC
2358,CC
2359,CC
2360,CC
2361,CC
2362,CC
2363,CC
2364,CC
2365,CC
2366,CC
2367,CC
2368,CC
2369,CC
2370,CC
2371,CC
2372,CC
2373,CC
2374,CC
2375,CC
2376,CC
2377,CC
2378,CC
2379,CC
2380,CC
2381,CC
2382,CC
2383,CC
2384,CC
2385,CC
2386,CC
2387,CC
2388,CC
2389,CC
2390,CC
2391,CC
2392,CC
2393,CC
2394,CC
2395,CC
2396,CC
2397,CC
2398,CC
2399,CC
2400,CC
2401,CC
2402,CC
2403,CO
2404,CC
2405,CC
2406,CC
2407,CC
2408,CC
2409,CC
2410,CC
2411,CC
2412,CC
2413,CC
2414,CC
2415,CC
2416,CC
2417,CC
2418,CC
2419,CC
2420,CC
2421,CC
2422,CC
2423,CC
2424,CC
2425,CC
2426,CC
2427,CC
2428,CC
2429,CC
2430,CC
2431,CC
2432,CC
2433,CC
2434,CC
2435,CC
2436,CC
2437,CC
2438,CC
2439,CC
2440,CC
2441,CC
2442,CC
2443,CC
2444,CC
2445,CC
2446,CC
2447,CC
2448,CC
2449,CC
2450,CC
2451,CC
2452,CC
2453,CC
2454,CC
2455,CC
2456,CC
2457,CC
2458,CC
2459,CC
2460,CC
2461,CC
2462,CC
2463,CC
2464,CC
2465,CC
2466,CC
2467,CC
2468,CC
2469,CC
2470,CC
2471,CC
2472,CC
2473,CC
2474,CO
2475,CC
2476,CC
2477,CC
2478,CC
2479,CC
2480,CC
2481,CC
2482,CC
2483,CC
2484,CC
2485,CC
2486,CC
2487,CC
2488,CC
2489,CC
2490,CC
2491,CC
2492,CC
2493,CC
2494,CC
2495,CC
2496,CC
2497,CC
2498,CC
2499,CC
2500,CC
2501,CC
2502,CC
2503,CC
2504,CC
2505,CC
2506,CC
2507,CC
2508,CC
2509,CC
2510,CC
2511,CC
2512,CC
2513,CC
2514,CC
2515,CC
2516,CC
2517,CC
2518,CC
2519,CC
2520,CC
2521,CC
2522,CC
2523,CC
2524,CC
2525,CC
2526,CC
2527,CC
2528,CC
2529,CC
2530,CC
2531,CC
2532,CC
2533,CC
2534,CC
2535,CC
2536,CC
2537,CC
2538,CO
2539,CC
2540,CC
2541,CC
2542,CC
2543,CC
2544,CC
2545,CC
2546,CC
2547,CC
2548,CC
2549,CC
2550,CC
2551,CC
2552,CC
2553,CC
2554,CC
2555,CC
2556,CC
2557,CC
2558,CC
2559,CC
2560,CC
2561,CC
2562,CC
2563,CC
2564,CC
2565,CC
2566,CC
2567,CC
2568,CC
2569,CC
2570,CC
2571,CC
2572,CC
2573,CC
2574,CC
2575,CC
2576,CC
2577,CC
2578,CC
2579,CC
2580,CC
2581,CC
2582,CC
2583,CC
2584,CC
2585,CC
2586,CC
2587,CC
2588,CC
2589,CC
2590,CC
2591,CC
2592,CC
2593,CC
2594,CC
2595,CC
2596,CC
2597,CC
2598,CC
2599,CC
2600,CC
2601,CC
2602,CC
2603,CC
2604,CC
2605,CC
2606,CC
2607,CC
2608,CC
2609,CC
2610,CC
2611,CC
2612,CC
2613,CC
2614,CC
2615,CC
2616,CC
2617,CC
2618,CC
2619,CC
2620,CC
2621,CC
2622,CC
2623,CC
2624,CC
2625,CC
2626,CC
2627,CC
2628,CC
2629,CC
2630,CC
2631,CC
2632,CC
2633,CC
2634,CC
2635,CC
2636,CC
2637,CC
2638,CC
2639,CC
2640,CC
2641,CC
2642,CC
2643,CC
2644,CC
2645,CC
2646,CC
2647,CC
2648,CC
2649,CC
2650,CC
2651,CC
2652,CC
2653,CC
2654,CCC
2655,CC
2656,CC
2657,CC
2658,CC
2659,CC
2660,CC
2661,CC
2662,CC
2663,CC
2664,CC
2665,CC
2666,CC
2667,CC
2668,CC
2669,CC
2670,CC
2671,CC
2672,CC
2673,CC
2674,CC
2675,CC
2676,CC
2677,CC
2678,CC
2679,CC
2680,CC
2681,CC
2682,CC
2683,CC
2684,CC
2685,CC
2686,CC
2687,CC
2688,CC
2689,CC
2690,CC
2691,CO
2692,CC
2693,CC
2694,CC
2695,CC
2696,CC
2697,CC
2698,CC
2699,CC
2700,CC
2701,CC
2702,CC
2703,CC
2704,CC
2705,CC
2706,CC
2707,CC
2708,CC
2709,CC
2710,CC
2711,CC
2712,CC
2713,CC
2714,CC
2715,CC
2716,CC
2717,CC
2718,CC
2719,CC
2720,CC
2721,CC
2722,CC
2723,CC
2724,CC
2725,CC
2726,CC
2727,CC
2728,CC
2729,CC
2730,CC
2731,CC
2732,CC
2733,CC
2734,CC
2735,CC
2736,CC
2737,CC
2738,CC
2739,CC
2740,CC
2741,CC
2742,CC
2743,CC
2744,CC
2745,CC
2746,CC
2747,CC
2748,CC
2749,CC
2750,CC
2751,CC
2752,CC
2753,CC
2754,CC
2755,CC
2756,CC
2757,CC
2758,CC
2759,CC
2760,CC
2761,CC
2762,CC
2763,CC
2764,CO
2765,CC
2766,CC
2767,CC
2768,CC
2769,CC
2770,CC
2771,CC
2772,CC
2773,CC
2774,CC
2775,CC
2776,CC
2777,CC
2778,CC
2779,CC
2780,CC
2781,CC
2782,CC
2783,CC
2784,CC
2785,CC
2786,CC
2787,CC
2788,CC
2789,CC
2790,CC
2791,CC
2792,CC
2793,CC
2794,CC
2795,CC
2796,CC
2797,CC
2798,CC
2799,CC
2800,CC
2801,CC
2802,CC
2803,CC
2804,CC
2805,CC
2806,CC
2807,CC
2808,CC
2809,CC
2810,CC
2811,CC
2812,CC
2813,CC
2814,CC
2815,CC
2816,CC
2817,CC
2818,CC
2819,CC
2820,CC
2821,CC
2822,CC
2823,CC
2824,CC
2825,CC
2826,CC
2827,CC
2828,CC
2829,CC
2830,CC
2831,CC
2832,CC
2833,CC
2834,CC
2835,CC
2836,CC
2837,CC
2838,CC
2839,CC
2840,CC
2841,CC
2842,CC
2843,CC
2844,CC
2845,CC
2846,CC
2847,CC
2848,CC
2849,CC
2850,CC
2851,CC
2852,CC
2853,CC
2854,CC
2855,CC
2856,CC
2857,CC
2858,CC
2859,CC
2860,CC
2861,CC
2862,CC
2863,CC
2864,CC
2865,CC
2866,CC
2867,CC
2868,CC
2869,CC
2870,CC
2871,CC
2872,CC
2873,CC
2874,CC
2875,CC
2876,CC
2877,CC
2878,CC
2879,CC
2880,CC
2881,CC
2882,CC
2883,CC
2884,CC
2885,CC
2886,CC
2887,CC
2888,CC
2889,CC
2890,CC
2891,CC
2892,CC
2893,CC
2894,CC
2895,CC
2896,CC
2897,CC
2898,CC
2899,CC
2900,CC
2901,CC
2902,CC
2903,CC
2904,CC
2905,CC
2906,CC
2907,CC
2908,CC
2909,CC
2910,CC
2911,CC
2912,CC
2913,CC
2914,CC
2915,CN
2916,CC
2917,CC
2918,CC
2919,CC
2920,CC
2921,CC
2922,CC
2923,CC
2924,CC
2925,CC
2926,CC
2927,CC
2928,CC
2929,CC
2930,CC
2931,CC
2932,CC
2933,CC
2934,CC
2935,CC
2936,CC
2937,CC
2938,CC
2939,CC
2940,CC
2941,CC
2942,CC
2943,CC
2944,CC
2945,CC
2946,CC
2947,CC
2948,CC
2949,CC
2950,CC
2951,CC
2952,CC
2953,CC
2954,CC
2955,CC
2956,CC
2957,CC
2958,CC
2959,CC
2960,CC
2961,CC
2962,CC
2963,CC
2964,CC
2965,CC
2966,CC
2967,CC
2968,CC
2969,CC
2970,CC
2971,CC
2972,CC
2973,CC
2974,CC
2975,CC
2976,CC
2977,CC
2978,CC
2979,CO
2980,CC
2981,CC
2982,CC
2983,CC
2984,CC
2985,CC
2986,CC
2987,CC
2988,CC
2989,CC
2990,CC
2991,CC
2992,CC
2993,CC
2994,CC
2995,CC
2996,CC
2997,CC
2998,CC
2999,CC
3000,CC
3001,CC
3002,CC
3003,CC
3004,CC
3005,CC
3006,CC
3007,CC
3008,CC
3009,CC
3010,CC
3011,CC
3012,CC
3013,CC
3014,CC
3015,CC
3016,CC
3017,CC
3018,CC
3019,CC
3020,CC
3021,CC
3022,CC
3023,CC
3024,CC
3025,CC
3026,CC
3027,CC
3028,CC
3029,CC
3030,CC
3031,CC
3032,CC
3033,CC
3034,CC
3035,CC
3036,CC
3037,CC
3038,CC
3039,CC
3040,CC
3041,CC
3042,CC
3043,CC
3044,CC
3045,CC
3046,CC
3047,CC
3048,CC
3049,CC
3050,CC
3051,CC
3052,CC
3053,CC
3054,CC
3055,CC
3056,CC
3057,CC
3058,CC
3059,CC
3060,CC
3061,CC
3062,CC
3063,CC
3064,CC
3065,CC
3066,CC
3067,CC
3068,CC
3069,CO
3070,CC
3071,CC
3072,CC
3073,CC
3074,CC
3075,CC
3076,CC
3077,CC
3078,CC
3079,CC
3080,CC
3081,CC
3082,CC
3083,CC
3084,CC
3085,CC
3086,CC
3087,CC
3088,CC
3089,CC
3090,CC
3091,CC
3092,CO
3093,CC
3094,CC
3095,CC
3096,CC
3097,CC
3098,CC
3099,CC
3100,CC
3101,CC
3102,CC
3103,CC
3104,CC
3105,CC
3106,CC
3107,CC
3108,CC
3109,CC
3110,CC
3111,CC
3112,CC
3113,CC
3114,CC
3115,CC
3116,CC
3117,CC
3118,CC
3119,CC
3120,CC
3121,CC
3122,CC
3123,CC
3124,CC
3125,CC
3126,CC
3127,CC
3128,CC
3129,CC
3130,CC
3131,CC
3132,CC
3133,CC
3134,CC
3135,CC
3136,CC
3137,CC
3138,CC
3139,CC
3140,CC
3141,CC
3142,CC
3143,CC
3144,CC
3145,CC
3146,CC
3147,CC
3148,CC
3149,CC
3150,CC
3151,CC
3152,CC
3153,CC
3154,CC
3155,CC
3156,CC
3157,CC
3158,CC
3159,CC
3160,CC
3161,CC
3162,CC
3163,CC
3164,CC
3165,CC
3166,CC
3167,CC
3168,CC
3169,CC
3170,CC
3171,CC
3172,CC
3173,CC
3174,CC
3175,CC
3176,CC
3177,CC
3178,CC
3179,CC
3180,CC
3181,CC
3182,CC
3183,CC
3184,CC
3185,CC
3186,CC
3187,CC
3188,CC
3189,CC
3190,CC
3191,CC
3192,CC
3193,CC
3194,CC
3195,CC
3196,CC
3197,CC
3198,CC
3199,CC
3200,CC
3201,CC
3202,CC
3203,CC
3204,CC
3205,CC
3206,CC
3207,CC
3208,CC
3209,CC
3210,CC
3211,CC
3212,CC
3213,CC
3214,CC
3215,CC
3216,CC
3217,CC
3218,CC
3219,CC
3220,CC
3221,CC
3222,CC
3223,CC
3224,CC
3225,CC
3226,CC
3227,CC
3228,CC
3229,CC
3230,CC
3231,CC
3232,CC
3233,CC
3234,CC
3235,CC
3236,CC
3237,CC
3238,CC
3239,CC
3240,CC
3241,CC
3242,CC
3243,CC
3244,CC
3245,CC
3246,CC
3247,CC
3248,CC
3249,CC
3250,CO
3251,CC
3252,CC
3253,CC
3254,CC
3255,CC
3256,CC
3257,CC
3258,CC
3259,CC
3260,CC
3261,CC
3262,CC
3263,CC
3264,CC
3265,CC
3266,CC
3267,CC
3268,CC
3269,CC
3270,CC
3271,CC
3272,CC
3273,CC
3274,CC
3275,CC
3276,CC
3277,CC
3278,CC
3279,CC
3280,CC
3281,CC
3282,CC
3283,CC
3284,CC
3285,CC
3286,CC
3287,CC
3288,CC
3289,CC
3290,CC
3291,CC
3292,CC
3293,CC
3294,CC
3295,CC
3296,CC
3297,CC
3298,CC
3299,CC
3300,CC
3301,CC
3302,CC
3303,CC
3304,CC
3305,CC
3306,CC
3307,CC
3308,CC
3309,CC
3310,CC
3311,CC
3312,CC
3313,CC
3314,CC
3315,CC
3316,CC
3317,CC
3318,CC
3319,CC
3320,CC
3321,CC
3322,CC
3323,CC
3324,CC
3325,CC
3326,CC
3327,CC
3328,CC
3329,CC
3330,CC
3331,CC
3332,CC
3333,CC
3334,CC
3335,CC
3336,CC
3337,CC
3338,CC
3339,CC
3340,CC
3341,CC
3342,CC
3343,CC
3344,CC
3345,CC
3346,CC
3347,CC
3348,CC
3349,CC
3350,CC
3351,CC
3352,CC
3353,CC
3354,CC
3355,CC
3356,CC
3357,CC
3358,CC
3359,CC
3360,CC
3361,CC
3362,CC
3363,CC
3364,CC
3365,CC
3366,CC
3367,CC
3368,CC
3369,CC
3370,CC
3371,CC
3372,CC
3373,CC
3374,CC
3375,CC
3376,CC
3377,CC
3378,CC
3379,CC
3380,CC
3381,CC
3382,CC
3383,CC
3384,CC
3385,CC
3386,CC
3387,CC
3388,CC
3389,CC
3390,CC
3391,CC
3392,CC
3393,CC
3394,CC
3395,CC
3396,CC
3397,CC
3398,CC
3399,CC
3400,CC
3401,CC
3402,CC
3403,CC
3404,CC
3405,CC
3406,CC
3407,CC
3408,CC
3409,CC
3410,CC
3411,CC
3412,CC
3413,CC
3414,CC
3415,CC
3416,CC
3417,CC
3418,CC
3419,CC
3420,CC
3421,CC
3422,CC
3423,CC
3424,CC
3425,CC
3426,CC
3427,CC
3428,CC
3429,CC
3430,CC
3431,CC
3432,CC
3433,CC
3434,CC
3435,CC
3436,CC
3437,CC
3438,CC
3439,CC
3440,CC
3441,CC
3442,CC
3443,CC
3444,CC
3445,CO
3446,CC
3447,CC
3448,CC
3449,CC
3450,CC
3451,CC
3452,CC
3453,CC
3454,CC
3455,CC
3456,CC
3457,CC
3458,CC
3459,CC
3460,CC
3461,CC
3462,CC
3463,CC
3464,CC
3465,CC
3466,CC
3467,CC
3468,CC
3469,CC
3470,CC
3471,CC
3472,CC
3473,CC
3474,CC
3475,CC
3476,CC
3477,CC
3478,CC
3479,CC
3480,CC
3481,CC
3482,CC
3483,CC
3484,CC
3485,CC
3486,CC
3487,CC
3488,CC
3489,CC
3490,CC
3491,CC
3492,CC
3493,CC
3494,CC
3495,CC
3496,CC
3497,CC
3498,CC
3499,CC
3500,CC
3501,CC
3502,CC
3503,CC
3504,CC
3505,CC
3506,CC
3507,CC
3508,CC
3509,CC
3510,CC
3511,CC
3512,CC
3513,CC
3514,CC
3515,CC
3516,CC
3517,CC
3518,CC
3519,CC
3520,CC
3521,CC
3522,CC
3523,CC
3524,CC
3525,CC
3526,CC
3527,CC
3528,CC
3529,CC
3530,CC
3531,CC
3532,CC
3533,CC
3534,CC
3535,CC
3536,CC
3537,CC
3538,CC
3539,CC
3540,CC
3541,CC
3542,CC
3543,CC
3544,CC
3545,CC
3546,CC
3547,CC
3548,CC
3549,CC
3550,CC
3551,CC
3552,CC
3553,CC
3554,CC
3555,CC
3556,CC
3557,CC
3558,CC
3559,CC
3560,CC
3561,CC
3562,CC
3563,CC
3564,CC
3565,CO
3566,CC
3567,CC
3568,CC
3569,CC
3570,CC
3571,CC
3572,CC
3573,CC
3574,CC
3575,CC
3576,CC
3577,CC
3578,CC
3579,CC
3580,CC
3581,CC
3582,CC
3583,CC
3584,CC
3585,CC
3586,CC
3587,CC
3588,CC
3589,CC
3590,CC
3591,CC
3592,CC
3593,CC
3594,CC
3595,CC
3596,CC
3597,CO
3598,CC
3599,CO
3600,CC
3601,CC
3602,CC
3603,CC
3604,CC
3605,CC
3606,CC
3607,CC
3608,CC
3609,CC
3610,CC
3611,CC
3612,CC
3613,CC
3614,CC
3615,CC
3616,CO
3617,CC
3618,CC
3619,CC
3620,CC
3621,CC
3622,CC
3623,CC
3624,CC
3625,CC
3626,CC
3627,CC
3628,CC
3629,CC
3630,CC
3631,CC
3632,CC
3633,CC
3634,CC
3635,CC
3636,CC
3637,CC
3638,CC
3639,CC
3640,CC
3641,CC
3642,CC
3643,CC
3644,CC
3645,CC
3646,CC
3647,CC
3648,CC
3649,CC
3650,CC
3651,CC
3652,CC
3653,CC
3654,CC
3655,CC
3656,CC
3657,CC
3658,CC
3659,CC
3660,CC
3661,CC
3662,CC
3663,CC
3664,CC
3665,CC
3666,CC
3667,CC
3668,CC
3669,CC
3670,CC
3671,CC
3672,CC
3673,CC
3674,CC
3675,CC
3676,CC
3677,CC
3678,CC
3679,CC
3680,CC
3681,CC
3682,CC
3683,CC
3684,CC
3685,CC
3686,CC
3687,CC
3688,CC
3689,CC
3690,CC
3691,CC
3692,CC
3693,CC
3694,CC
3695,CC
3696,CC
3697,CC
3698,CC
3699,CC
3700,CC
3701,CC
3702,CC
3703,CC
3704,CO
3705,CC
3706,CC
3707,CC
3708,CC
3709,CC
3710,CC
3711,CC
3712,CC
3713,CC
3714,CC
3715,CC
3716,CC
3717,CC
3718,CC
3719,CC
3720,CC
3721,CC
3722,CC
3723,CC
3724,CC
3725,CC
3726,CC
3727,CC
3728,CC
3729,CC
3730,CC
3731,CC
3732,CC
3733,CC
3734,CC
3735,CC
3736,CC
3737,CC
3738,CC
3739,CC
3740,CC
3741,CC
3742,CC
3743,CC
3744,CC
3745,CC
3746,CC
3747,CC
3748,CC
3749,CC
3750,CC
3751,CC
3752,CC
3753,CC
3754,CC
3755,CC
3756,CC
3757,CC
3758,CC
3759,CC
3760,CC
3761,CC
3762,CC
3763,CC
3764,CC
3765,CC
3766,CC
3767,CC
3768,CC
3769,CC
3770,CC
3771,CC
3772,CC
3773,CC
3774,CC
3775,CO
3776,CC
3777,CC
3778,CC
3779,CC
3780,CC
3781,CC
3782,CC
3783,CC
3784,CC
3785,CC
3786,CC
3787,CC
3788,CC
3789,CC
3790,CC
3791,CC
3792,CC
3793,CC
3794,CC
3795,CC
3796,CC
3797,CC
3798,CC
3799,CC
3800,CC
3801,CC
3802,CC
3803,CC
3804,CC
3805,CC
3806,CC
3807,CC
3808,CC
3809,CC
3810,CC
3811,CC
3812,CC
3813,CC
3814,CC
3815,CC
3816,CC
3817,CC
3818,CC
3819,CC
3820,CC
3821,CC
3822,CC
3823,CC
3824,CC
3825,CC
3826,CC
3827,CC
3828,CC
3829,CC
3830,CC
3831,CC
3832,CC
3833,CC
3834,CC
3835,CC
3836,CC
3837,CC
3838,CC
3839,CC
3840,CC
3841,CC
3842,CC
3843,CC
3844,CC
3845,CC
3846,CC
3847,CC
3848,CC
3849,CC
3850,CC
3851,CC
3852,CC
3853,CC
3854,CC
3855,CC
3856,CC
3857,CC
3858,CC
3859,CC
3860,CC
3861,CC
3862,CC
3863,CC
3864,CC
3865,CC
3866,CC
3867,CC
3868,CC
3869,CC
3870,CC
3871,CC
3872,CC
3873,CC
3874,CC
3875,CC
3876,CC
3877,CC
3878,CC
3879,CC
3880,CC
3881,CC
3882,CC
3883,CC
3884,CC
3885,CC
3886,CC
3887,CC
3888,CC
3889,CC
3890,CC
3891,CC
3892,CC
3893,CC
3894,CC
3895,CC
3896,CC
3897,CC
3898,CC
3899,CC
3900,CC
3901,CC
3902,CC
3903,CC
3904,CC
3905,CC
3906,CC
3907,CC
3908,CC
3909,CC
3910,CC
3911,CC
3912,CC
3913,CC
3914,CC
3915,CC
3916,CC
3917,CC
3918,CC
3919,CC
3920,CC
3921,CC
3922,CC
3923,CC
3924,CC
3925,CC
3926,CC
3927,CC
3928,CC
3929,CC
3930,CC
3931,CC
3932,CC
3933,CC
3934,CC
3935,CC
3936,CC
3937,CC
3938,CC
3939,CC
3940,CC
3941,CC
3942,CC
3943,CC
3944,CC
3945,CC
3946,CC
3947,CC
3948,CC
3949,CC
3950,CC
3951,CC
3952,CC
3953,CC
3954,CC
3955,CC
3956,CC
3957,CC
3958,CC
3959,CC
3960,CC
3961,CC
3962,CC
3963,CC
3964,CC
3965,CC
3966,CC
3967,CC
3968,CC
3969,CC
3970,CC
3971,CC
3972,CC
3973,CC
3974,CC
3975,CC
3976,CC
3977,CC
3978,CC
3979,CC
3980,CC
3981,CC
3982,CC
3983,CC
3984,CC
3985,CC
3986,CC
3987,CC
3988,CC
3989,CC
3990,CC
3991,CC
3992,CC
3993,CC
3994,CC
3995,CC
3996,CC
3997,CC
3998,CC
3999,CC
4000,CC
4001,CC
4002,CC
4003,CC
4004,CC
4005,CC
4006,CC
4007,CC
4008,CC
4009,CC
4010,CC
4011,CC
4012,CC
4013,CC
4014,CC
4015,CC
4016,CC
4017,CC
4018,CC
4019,CC
4020,CC
4021,CC
4022,CC
4023,CC
4024,CC
4025,CC
4026,CC
4027,CC
4028,CC
4029,CC
4030,CC
4031,CC
4032,CC
4033,CC
4034,CC
4035,CC
4036,CC
4037,CC
4038,CO
4039,CC
4040,CC
4041,CC
4042,CC
4043,CC
4044,CC
4045,CC
4046,CC
4047,CC
4048,CC
4049,CC
4050,CC
4051,CO
4052,CC
4053,CC
4054,CC
4055,CC
4056,CC
4057,CC
4058,CC
4059,CC
4060,CC
4061,CC
4062,CC
4063,CC
4064,CC
4065,CC
4066,CC
4067,CC
4068,CC
4069,CC
4070,CC
4071,CC
4072,CC
4073,CC
4074,CC
4075,CC
4076,CC
4077,CC
4078,CC
4079,CC
4080,CC
4081,CC
4082,CC
4083,CC
4084,CC
4085,CC
4086,CC
4087,CC
4088,CC
4089,CC
4090,CC
4091,CC
4092,CC
4093,CC
4094,CC
4095,CC
4096,CC
4097,CC
4098,CC
4099,CC
4100,CC
4101,CC
4102,CC
4103,CC
4104,CC
4105,CC
4106,CC
4107,CC
4108,CC
4109,CC
4110,CC
4111,CC
4112,CC
4113,CC
4114,CC
4115,CC
4116,CC
4117,CC
4118,CC
4119,CC
4120,CC
4121,CC
4122,CC
4123,CC
4124,CC
4125,CC
4126,CC
4127,CC
4128,CC
4129,CC
4130,CC
4131,CC
4132,CC
4133,CC
4134,CC
4135,CC
4136,CC
4137,CC
4138,CC
4139,CC
4140,CC
4141,CC
4142,CC
4143,CC
4144,CC
4145,CC
4146,CC
4147,CC
4148,CC
4149,CC
4150,CC
4151,CC
4152,CC
4153,CC
4154,CC
4155,CC
4156,CC
4157,CC
4158,CC
4159,CC
4160,CC
4161,CC
4162,CC
4163,CC
4164,CC
4165,CC
4166,CC
4167,CC
4168,CC
4169,CC
4170,CC
4171,CC
4172,CC
4173,CC
4174,CC
4175,CC
4176,CC
4177,CC
4178,CC
4179,CC
4180,CC
4181,CC
4182,CC
4183,CC
4184,CC
4185,CC
4186,CC
4187,CC
4188,CC
4189,CC
4190,CC
4191,CC
4192,CC
4193,CC
4194,CC
4195,CC
4196,CC
4197,CC
4198,CC
4199,CC
4200,CC
4201,CC
4202,CC
4203,CC
4204,CC
4205,CC
4206,CC
4207,CC
4208,CC
4209,CC
4210,CC
4211,CC
4212,CC
4213,CC
4214,CC
4215,CC
4216,CC
4217,CC
4218,CC
4219,CC
4220,CC
4221,CC
4222,CC
4223,CC
4224,CC
4225,CC
4226,CC
4227,CC
4228,CC
4229,CC
4230,CC
4231,CC
4232,CC
4233,CC
4234,CC
4235,CC
4236,CC
4237,CC
4238,CC
4239,CC
4240,CC
4241,CC
4242,CC
4243,CC
4244,CC
4245,CC
4246,CC
4247,CC
4248,CC
4249,CC
4250,CC
4251,CC
4252,CC
4253,CC
4254,CC
4255,CC
4256,CC
4257,CC
4258,CC
4259,CC
4260,CC
4261,CC
4262,CC
4263,CC
4264,CC
4265,CC
4266,CC
4267,CC
4268,CC
4269,CC
4270,CC
4271,CC
4272,CC
4273,CC
4274,CC
4275,CC
4276,CC
4277,CC
4278,CC
4279,CC
4280,CC
4281,CC
4282,CC
4283,CC
4284,CC
4285,CC
4286,CC
4287,CC
4288,CC
4289,CC
4290,CC
4291,CC
4292,CC
4293,CC
4294,CC
4295,CC
4296,CC
4297,CC
4298,CC
4299,CC
4300,CC
4301,CC
4302,CC
4303,CC
4304,CC
4305,CC
4306,CC
4307,CC
4308,CO
4309,CC
4310,CC
4311,CC
4312,CC
4313,CC
4314,CC
4315,CC
4316,CC
4317,CC
4318,CC
4319,CC
4320,CC
4321,CC
4322,CC
4323,CC
4324,CC
4325,CC
4326,CC
4327,CC
4328,CC
4329,CC
4330,CC
4331,CC
4332,CC
4333,CC
4334,CC
4335,CC
4336,CC
4337,CC
4338,CC
4339,CC
4340,CC
4341,CC
4342,CO
4343,CC
4344,CC
4345,CC
4346,CC
4347,CC
4348,CC
4349,CC
4350,CC
4351,CC
4352,CC
4353,CC
4354,CC
4355,CC
4356,CC
4357,CC
4358,CC
4359,CC
4360,CC
4361,CC
4362,CC
4363,CC
4364,CC
4365,CC
4366,CC
4367,CC
4368,CC
4369,CC
4370,CC
4371,CC
4372,CC
4373,CC
4374,CC
4375,CC
4376,CC
4377,CC
4378,CC
4379,CC
4380,CC
4381,CC
4382,CC
4383,CC
4384,CC
4385,CC
4386,CC
4387,CC
4388,CC
4389,CC
4390,CC
4391,CC
4392,CC
4393,CC
4394,CC
4395,CC
4396,CC
4397,CC
4398,CC
4399,CC
4400,CC
4401,CC
4402,CC
4403,CC
4404,CC
4405,CC
4406,CC
4407,CC
4408,CC
4409,CC
4410,CC
4411,CC
4412,CC
4413,CC
4414,CC
4415,CC
4416,CC
4417,CC
4418,CC
4419,CC
4420,CC
4421,CC
4422,CC
4423,CC
4424,CC
4425,CC
4426,CC
4427,CC
4428,CC
4429,CC
4430,CC
4431,CC
4432,CC
4433,CC
4434,CC
4435,CC
4436,CC
4437,CC
4438,CC
4439,CC
4440,CC
4441,CO
4442,CC
4443,CC
4444,CC
4445,CC
4446,CC
4447,CC
4448,CC
4449,CC
4450,CC
4451,CC
4452,CC
4453,CC
4454,CC
4455,CC
4456,CC
4457,CC
4458,CC
4459,CC
4460,CC
4461,CO
4462,CC
4463,CC
4464,CC
4465,CC
4466,CC
4467,CC
4468,CC
4469,CC
4470,CC
4471,CC
4472,CC
4473,CC
4474,CC
4475,CC
4476,CC
4477,CC
4478,CC
4479,CC
4480,CC
4481,CC
4482,CC
4483,CC
4484,CC
4485,CC
4486,CC
4487,CC
4488,CC
4489,CC
4490,CC
4491,CC
4492,CC
4493,CC
4494,CC
4495,CC
4496,CC
4497,CC
4498,CC
4499,CC
4500,CC
4501,CC
4502,CC
4503,CC
4504,CC
4505,CC
4506,CC
4507,CC
4508,CC
4509,CC
4510,CO
4511,CC
4512,CC
4513,CC
4514,CC
4515,CC
4516,CC
4517,CC
4518,CC
4519,CC
4520,CC
4521,CC
4522,CC
4523,CC
4524,CC
4525,CC
4526,CC
4527,CC
4528,CC
4529,CC
4530,CC
4531,CC
4532,CC
4533,CC
4534,CC
4535,CC
4536,CC
4537,CC
4538,CC
4539,CC
4540,CC
4541,CC
4542,CC
4543,CC
4544,CC
4545,CC
4546,CC
4547,CC
4548,CC
4549,CC
4550,CC
4551,CC
4552,CC
4553,CC
4554,CC
4555,CC
4556,CC
4557,CC
4558,CC
4559,CC
4560,CC
4561,CC
4562,CC
4563,CC
4564,CC
4565,CC
4566,CC
4567,CC
4568,CC
4569,CC
4570,CC
4571,CC
4572,CC
4573,CC
4574,CN
4575,CC
4576,CC
4577,CC
4578,CC
4579,CC
4580,CC
4581,CC
4582,CC
4583,CC
4584,CC
4585,CC
4586,CC
4587,CC
4588,CC
4589,CC
4590,CC
4591,CC
4592,CC
4593,CC
4594,CC
4595,CC
4596,CC
4597,CC
4598,CC
4599,CC
4600,CC
4601,CC
4602,CC
4603,CC
4604,CC
4605,CC
4606,CC
4607,CC
4608,CO
4609,CC
4610,CC
4611,CC
4612,CC
4613,CC
4614,CC
4615,CC
4616,CC
4617,CC
4618,CC
4619,CC
4620,CC
4621,CC
4622,CC
4623,CC
4624,CC
4625,CC
4626,CC
4627,CC
4628,CC
4629,CC
4630,CC
4631,CC
4632,CC
4633,CC
4634,CC
4635,CC
4636,CC
4637,CC
4638,CC
4639,CC
4640,CC
4641,CC
4642,CC
4643,CC
4644,CC
4645,CC
4646,CC
4647,CC
4648,CC
4649,CC
4650,CC
4651,CC
4652,CC
4653,CC
4654,CC
4655,CC
4656,CC
4657,CC
4658,CC
4659,CC
4660,CC
4661,CC
4662,CC
4663,CC
4664,CC
4665,CC
4666,CC
4667,CC
4668,CC
4669,CC
4670,CC
4671,CC
4672,CC
4673,CC
4674,CC
4675,CC
4676,CC
4677,CC
4678,CC
4679,CC
4680,CC
4681,CC
4682,CC
4683,CC
4684,CC
4685,CC
4686,CC
4687,CC
4688,CC
4689,CC
4690,CC
4691,CC
4692,CC
4693,CC
4694,CC
4695,CC
4696,CC
4697,CC
4698,CC
4699,CC
4700,CC
4701,CC
4702,CC
4703,CC
4704,CC
4705,CC
4706,CC
4707,CC
4708,CC
4709,CC
4710,CC
4711,CC
4712,CC
4713,CC
4714,CC
4715,CC
4716,CC
4717,CC
4718,CC
4719,CC
4720,CC
4721,CC
4722,CC
4723,CC
4724,CC
4725,CC
4726,CC
4727,CC
4728,CC
4729,CC
4730,CC
4731,CC
4732,CC
4733,CC
4734,CC
4735,CC
4736,CC
4737,CC
4738,CC
4739,CC
4740,CC
4741,CC
4742,CC
4743,CC
4744,CC
4745,CC
4746,CC
4747,CC
4748,CC
4749,CC
4750,CC
4751,CC
4752,CC
4753,CO
4754,CC
4755,CC
4756,CC
4757,CC
4758,CC
4759,CC
4760,CC
4761,CC
4762,CC
4763,CC
4764,CC
4765,CC
4766,CC
4767,CC
4768,CC
4769,CC
4770,CC
4771,CC
4772,CC
4773,CC
4774,CC
4775,CC
4776,CC
4777,CC
4778,CC
4779,CC
4780,CC
4781,CC
4782,CC
4783,CC
4784,CC
4785,CC
4786,CC
4787,CC
4788,CC
4789,CC
4790,CC
4791,CC
4792,CC
4793,CC
4794,CC
4795,CC
4796,CC
4797,CC
4798,CC
4799,CC
4800,CC
4801,CC
4802,CC
4803,CC
4804,CC
4805,CC
4806,CC
4807,CC
4808,CC
4809,CC
4810,CC
4811,CC
4812,CC
4813,CC
4814,CC
4815,CC
4816,CC
4817,CC
4818,CC
4819,CC
4820,CC
4821,CC
4822,CC
4823,CC
4824,CC
4825,CC
4826,CC
4827,CC
4828,CC
4829,CC
4830,CC
4831,CC
4832,CC
4833,CC
4834,CC
4835,CC
4836,CC
4837,CC
4838,CC
4839,CC
4840,CC
4841,CC
4842,CC
4843,CC
4844,CC
4845,CC
4846,CC
4847,CC
4848,CC
4849,CC
4850,CC
4851,CC
4852,CC
4853,CC
4854,CC
4855,CC
4856,CO
4857,CC
4858,CC
4859,CC
4860,CC
4861,CC
4862,CC
4863,CC
4864,CC
4865,CC
4866,CC
4867,CC
4868,CC
4869,CC
4870,CC
4871,CC
4872,CC
4873,CC
4874,CC
4875,CC
4876,CC
4877,CC
4878,CC
4879,CC
4880,CC
4881,CC
4882,CC
4883,CC
4884,CC
4885,CC
4886,CC
4887,CC
4888,CC
4889,CC
4890,CC
4891,CC
4892,CC
4893,CC
4894,CC
4895,CC
4896,CC
4897,CC
4898,CC
4899,CC
4900,CC
4901,CC
4902,CC
4903,CC
4904,CO
4905,CC
4906,CC
4907,CC
4908,CC
4909,CC
4910,CC
4911,CC
4912,CC
4913,CC
4914,CC
4915,CC
4916,CC
4917,CC
4918,CC
4919,CC
4920,CC
4921,CC
4922,CC
4923,CC
4924,CC
4925,CC
4926,CC
4927,CC
4928,CC
4929,CC
4930,CC
4931,CC
4932,CC
4933,CC
4934,CC
4935,CC
4936,CC
4937,CC
4938,CC
4939,CC
4940,CC
4941,CC
4942,CC
4943,CC
4944,CC
4945,CC
4946,CC
4947,CC
4948,CC
4949,CC
4950,CC
4951,CC
4952,CC
4953,CC
4954,CC
4955,CC
4956,CC
4957,CC
4958,CC
4959,CC
4960,CC
4961,CC
4962,CC
4963,CC
4964,CC
4965,CC
4966,CC
4967,CC
4968,CC
4969,CC
4970,CC
4971,CC
4972,CC
4973,CC
4974,CC
4975,CC
4976,CO
4977,CC
4978,CC
4979,CC
4980,CC
4981,CC
4982,CC
4983,CC
4984,CC
4985,CC
4986,CC
4987,CC
4988,CC
4989,CC
4990,CC
4991,CC
4992,CC
4993,CC
4994,CC
4995,CC
4996,CC
4997,CC
4998,CC
4999,CC
5000,CC
5001,CC
5002,CC
5003,CC
5004,CC
5005,CC
5006,CC
5007,CC
5008,CC
5009,CC
5010,CC
5011,CC
5012,CC
5013,CC
5014,CC
5015,CC
5016,CC
5017,CC
5018,CC
5019,CC
5020,CC
5021,CC
5022,CC
5023,CC
5024,CC
5025,CC
5026,CC
5027,CC
5028,CC
5029,CC
5030,CC
5031,CC
5032,CC
5033,CC
5034,CC
5035,CC
5036,CC
5037,CC
5038,CC
5039,CC
5040,CC
5041,CC
5042,CC
5043,CC
5044,CC
5045,CC
5046,C=O
5047,CC
5048,CC
5049,CC
5050,CC
5051,CC
5052,CC
5053,CC
5054,CC
5055,CC
5056,CC
5057,CC
5058,CC
5059,CC
5060,CC
5061,CC
5062,CC
5063,CC
5064,CC
5065,CC
5066,CC
5067,CC
5068,CC
5069,CC
5070,CC
5071,CC
5072,CC
5073,CC
5074,CC
5075,CC
5076,CC
5077,CC
5078,CC
5079,CC
5080,CC
5081,CC
5082,CC
5083,CC
5084,CC
5085,CC
5086,CC
5087,CC
5088,CC
5089,CC
5090,CC
5091,CC
5092,CC
5093,CC
5094,CC
5095,CC
5096,CC
5097,CC
5098,CC
5099,CC
5100,CC
5101,CC
5102,CC
5103,CC
5104,CC
5105,CC
5106,CC
5107,CC
5108,CC
5109,CC
5110,CC
5111,CC
5112,CC
5113,CC
5114,CC
5115,CC
5116,CC
5117,CC
5118,CC
5119,CC
5120,CC
5121,CC
5122,CC
5123,CC
5124,CC
5125,CC
5126,CC
5127,CC
5128,CC
5129,CC
5130,CC
5131,CC
5132,CC
5133,CC
5134,CC
5135,CC
5136,CC
5137,CC
5138,CC
5139,CC
5140,CC
5141,CC
5142,CC
5143,CC
5144,CC
5145,CC
5146,CC
5147,CC
5148,CC
5149,CC
5150,CC
5151,CC
5152,CC
5153,CC
5154,CC
5155,CC
5156,CC
5157,CC
5158,CC
5159,CC
5160,CC
5161,CC
5162,CC
5163,CC
5164,CC
5165,CC
5166,CC
5167,CC
5168,CC
5169,CC
5170,CC
5171,CC
5172,CC
5173,CC
5174,CC
5175,CC
5176,CC
5177,CC
5178,CC
5179,CC
5180,CC
5181,CC
5182,CC
5183,CC
5184,CC
5185,CC
5186,CC
5187,CC
5188,CC
5189,CC
5190,CC
5191,CC
5192,CC
5193,CC
5194,CC
5195,CC
5196,CC
5197,CC
5198,CC
5199,CO
5200,CC
5201,CC
5202,CC
5203,CC
5204,CC
5205,CC
5206,CC
5207,CC
5208,CC
5209,CC
5210,CC
5211,CC
5212,CC
5213,CC
5214,CC
5215,CC
5216,CC
5217,CC
5218,CC
5219,CC
5220,CC
5221,CO
5222,CC
5223,CC
5224,CC
5225,CC
5226,CC
5227,CC
5228,CO
5229,CC
5230,CC
5231,CC
5232,CC
5233,CC
5234,CC
5235,CC
5236,CC
5237,CC
5238,CC
5239,CC
5240,CC
5241,CC
5242,CC
5243,CC
5244,CC
5245,CC
5246,CC
5247,CC
5248,CC
5249,CC
5250,CC
5251,CC
5252,CC
5253,CC
5254,CC
5255,CC
5256,CC
5257,CC
5258,CC
5259,CC
5260,CC
5261,CC
5262,CC
5263,CC
5264,CC
5265,CC
5266,CC
5267,CC
5268,CC
5269,CC
5270,CC
5271,CC
5272,CC
5273,CC
5274,CC
5275,CC
5276,CC
5277,CC
5278,CC
5279,CC
5280,CC
5281,CC
5282,CC
5283,CC
5284,CC
5285,CC
5286,CC
5287,CC
5288,CC
5289,CC
5290,CC
5291,CC
5292,CC
5293,CC
5294,CC
5295,CC
5296,CC
5297,CC
5298,CC
5299,CC
5300,CC
5301,CC
5302,CC
5303,CC
5304,CC
5305,CC
5306,CC
5307,CC
5308,CC
5309,CC
5310,CC
5311,CC
5312,CC
5313,CC
5314,CC
5315,CC
5316,CC
5317,CC
5318,CO
5319,CC
5320,CC
5321,CC
5322,CC
5323,CC
5324,CC
5325,CC
5326,CC
5327,CC
5328,CC
5329,CC
5330,CC
5331,CC
5332,CC
5333,CC
5334,CC
5335,CC
5336,CC
5337,CC
5338,CC
5339,CC
5340,CC
5341,CC
5342,CC
5343,CC
5344,CC
5345,CC
5346,CC
5347,CC
5348,CC
5349,CC
5350,CC
5351,CC
5352,CC
5353,CC
5354,CC
5355,CC
5356,CC
5357,CC
5358,CC
5359,CC
5360,CC
5361,CC
5362,CC
5363,CC
5364,CC
5365,CC
5366,CC
5367,CC
5368,CC
5369,CC
5370,CC
5371,CC
5372,CC
5373,CC
5374,CC
5375,CC
5376,CC
5377,CC
5378,CC
5379,CC
5380,CC
5381,CC
5382,CC
5383,CC
5384,CC
5385,CC
5386,CC
5387,CC
5388,CC
5389,CC
5390,CC
5391,CC
5392,CC
5393,CC
5394,CC
5395,CC
5396,CC
5397,CC
5398,CC
5399,CC
5400,CC
5401,CC
5402,CC
5403,CC
5404,CC
5405,CC
5406,CC
5407,CC
5408,CC
5409,CC
5410,CO
5411,CC
5412,CC
5413,CC
5414,CC
5415,CC
5416,CC
5417,CC
5418,CC
5419,CC
5420,CC
5421,CC
5422,CC
5423,CC
5424,CC
5425,CC
5426,CC
5427,CC
5428,CC
5429,CC
5430,CC
5431,CC
5432,CC
5433,CC
5434,CC
5435,CC
5436,CC
5437,CC
5438,CC
5439,CC
5440,CC
5441,CC
5442,CC
5443,CC
5444,CC
5445,CC
5446,CC
5447,CC
5448,CC
5449,CC
5450,CC
5451,CC
5452,CC
5453,CC
5454,CC
5455,CC
5456,CC
5457,CC
5458,CC
5459,CC
5460,CC
5461,CC
5462,CO
5463,CC
5464,CC
5465,CC
5466,CC
5467,CC
5468,CC
5469,CC
5470,CC
5471,CC
5472,CC
5473,CC
5474,CC
5475,CC
5476,CC
5477,CC
5478,CC
5479,CC
5480,CC
5481,CC
5482,CC
5483,CC
5484,CC
5485,CC
5486,CC
5487,CO
5488,CC
5489,CC
5490,CC
5491,CC
5492,CC
5493,CC
5494,CO
5495,CC
5496,CC
5497,CC
5498,CC
5499,CC
5500,CC
5501,CC
5502,CC
5503,CC
5504,CC
5505,CC
5506,CC
5507,CC
5508,CC
5509,CC
5510,CC
5511,CC
5512,CC
5513,CC
5514,CC
5515,CC
5516,CC
5517,CC
5518,CC
5519,CC
5520,CC
5521,CC
5522,CC
5523,CC
5524,CC
5525,CC
5526,CO
5527,CC
5528,CC
5529,CC
5530,CC
5531,CC
5532,CN
5533,CC
5534,CC
5535,CC
5536,CC
5537,CC
5538,CC
5539,CO
5540,CC
5541,CC
5542,CC
5543,CC
5544,CC
5545,CC
5546,CC
5547,CC
5548,CC
5549,CC
5550,CC
5551,CC
5552,CC
5553,CC
5554,CC
5555,CC
5556,CC
5557,CC
5558,CC
5559,CC
5560,CC
5561,CC
5562,CC
5563,CC
5564,CC
5565,CC
5566,CC
5567,CC
5568,CC
5569,CC
5570,CC
5571,CC
5572,CC
5573,CC
5574,CC
5575,CC
5576,CC
5577,CC
5578,CC
5579,CC
5580,CC
5581,CC
5582,CC
5583,CC
5584,CC
5585,CC
5586,CC
5587,CC
5588,CC
5589,CC
5590,CC
5591,CC
5592,CC
5593,CC
5594,CC
5595,CC
5596,CC
5597,CC
5598,CC
5599,CC
5600,CC
5601,CC
5602,CC
5603,CC
5604,CC
5605,CC
5606,CC
5607,CC
5608,CC
5609,CC
5610,CC
5611,CC
5612,CC
5613,CC
5614,CC
5615,CC
5616,CC
5617,CC
5618,CC
5619,CC
5620,CO
5621,CC
5622,CC
5623,CC
5624,CC
5625,CC
5626,CC
5627,CC
5628,CC
5629,CC
5630,CC
5631,CC
5632,CC
5633,CC
5634,CC
5635,CC
5636,CC
5637,CC
5638,CC
5639,CC
5640,CC
5641,CC
5642,CC
5643,CC
5644,CC
5645,CC
5646,CC
5647,CC
5648,CC
5649,CC
5650,CC
5651,CC
5652,CC
5653,CC
5654,CC
5655,CC
5656,CC
5657,CC
5658,CC
5659,CC
5660,CC
5661,CC
5662,CC
5663,CC
5664,CC
5665,CC
5666,CC
5667,CC
5668,CC
5669,CC
5670,CC
5671,CC
5672,CC
5673,CC
5674,CC
5675,CC
5676,CC
5677,CC
5678,CC
5679,CC
5680,CC
5681,CC
5682,CC
5683,CC
5684,CC
5685,CC
5686,CC
5687,CC
5688,CC
5689,CC
5690,CC
5691,CC
5692,CC
5693,CC
5694,CC
5695,CC
5696,CC
5697,CC
5698,CC
5699,CC
5700,CC
5701,CC
5702,CC
5703,CC
5704,CC
5705,CC
5706,CC
5707,CC
5708,CC
5709,CC
5710,CC
5711,CC
5712,CC
5713,CC
5714,CO
5715,CC
5716,CC
5717,CC
5718,CC
5719,CC
5720,CC
5721,CC
5722,CC
5723,CC
5724,CC
5725,CC
5726,CC
5727,CC
5728,CC
5729,CC
5730,CC
5731,CC
5732,CC
5733,CC
5734,CO
5735,CC
5736,CC
5737,CC
5738,CC
5739,CC
5740,CC
5741,CC
5742,CC
5743,CC
5744,CC
5745,CC
5746,CC
5747,CC
5748,CC
5749,CC
5750,CC
5751,CC
5752,CC
5753,CC
5754,CC
5755,CC
5756,CO
5757,CC
5758,CC
5759,CC
5760,CC
5761,CC
5762,CC
5763,CC
5764,CC
5765,CC
5766,CC
5767,CC
5768,CC
5769,CC
5770,CC
5771,CC
5772,CC
5773,CC
5774,CC
5775,CC
5776,CC
5777,CC
5778,CC
5779,CC
5780,CC
5781,CC
5782,CC
5783,CC
5784,CC
5785,CC
5786,CC
5787,CC
5788,CC
5789,CC
5790,CC
5791,CC
5792,CC
5793,CC
5794,CC
5795,CC
5796,CC
5797,CC
5798,CC
5799,CC
5800,CC
5801,CC
5802,CC
5803,CC
5804,CC
5805,CC
5806,CC
5807,CC
5808,CC
5809,CC
5810,CC
5811,CC
5812,CO
5813,CC
5814,CC
5815,CC
5816,CC
5817,CC
5818,CC
5819,CC
5820,CC
5821,CC
5822,CC
5823,CC
5824,CC
5825,CC
5826,CC
5827,CC
5828,CC
5829,CC
5830,CC
5831,CC
5832,CC
5833,CC
5834,CC
5835,CC
5836,CC
5837,CC
5838,CC
5839,CC
5840,CC
5841,CC
5842,CC
5843,CC
5844,CC
5845,CC
5846,CC
5847,CC
5848,CC
5849,CC
5850,CC
5851,CC
5852,CC
5853,CC
5854,CC
5855,CC
5856,CC
5857,CC
5858,CC
5859,CC
5860,CC
5861,CC
5862,CC
5863,CC
5864,CC
5865,CC
5866,CC
5867,CC
5868,CC
5869,CC
5870,CC
5871,CC
5872,CC
5873,CC
5874,CC
5875,CC
5876,CC
5877,CO
5878,CC
5879,CC
5880,CC
5881,CC
5882,CC
5883,CC
5884,CC
5885,CC
5886,CC
5887,CC
5888,CC
5889,CC
5890,CC
5891,CC
5892,CC
5893,CC
5894,CC
5895,CC
5896,CC
5897,CC
5898,CC
5899,CC
5900,CC
5901,CC
5902,CC
5903,CC
5904,CC
5905,CC
5906,CC
5907,CC
5908,CC
5909,CC
5910,CC
5911,CC
5912,CC
5913,CC
5914,CC
5915,CC
5916,CC
5917,CC
5918,CC
5919,CC
5920,CC
5921,CC
5922,CC
5923,CC
5924,CC
5925,CC
5926,CC
5927,CC
5928,CC
5929,CC
5930,CC
5931,CC
5932,CC
5933,CC
5934,CC
5935,CC
5936,CC
5937,CC
5938,CC
5939,CC
5940,CC
5941,CC
5942,CC
5943,CC
5944,CC
5945,CC
5946,CC
5947,CC
5948,CC
5949,CC
5950,CC
5951,CC
5952,CC
5953,CC
5954,CC
5955,CC
5956,CC
5957,CC
5958,CC
5959,CC
5960,CC
5961,CC
5962,CC
5963,CC
5964,CC
5965,CC
5966,CC
5967,CC
5968,CC
5969,CC
5970,CC
5971,CC
5972,CC
5973,CC
5974,CC
5975,CC
5976,CC
5977,CC
5978,CC
5979,CC
5980,CC
5981,CC
5982,CC
5983,CC
5984,CO
5985,CC
5986,CC
5987,CC
5988,CC
5989,CC
5990,CC
5991,CC
5992,CC
5993,CC
5994,CC
5995,CC
5996,CC
5997,CC
5998,CC
5999,CC
6000,CC
6001,CC
6002,CC
6003,CC
6004,CC
6005,CC
6006,CC
6007,CC
6008,CC
6009,CC
6010,CC
6011,CC
6012,CC
6013,CC
6014,CC
6015,CC
6016,CC
6017,CC
6018,CC
6019,CC
6020,CC
6021,CC
6022,CC
6023,CC
6024,CC
6025,CC
6026,CC
6027,CC
6028,CC
6029,CC
6030,CC
6031,CC
6032,CC
6033,CC
6034,CC
6035,CC
6036,CC
6037,CC
6038,CC
6039,CC
6040,CC
6041,CC
6042,CC
6043,CC
6044,CC
6045,CC
6046,CC
6047,CC
6048,CC
6049,CC
6050,CC
6051,CC
6052,CO
6053,CC
6054,CC
6055,CC
6056,CC
6057,CC
6058,CC
6059,CC
6060,CC
6061,CO
6062,CC
6063,CC
6064,CC
6065,CC
6066,CC
6067,CC
6068,CC
6069,CC
6070,CC
6071,CC
6072,CC
6073,CC
6074,CC
6075,CC
6076,CC
6077,CC
6078,CC
6079,CC
6080,CC
6081,CC
6082,CC
6083,CC
6084,CC
6085,CC
6086,CC
6087,CC
6088,CC
6089,CC
6090,CC
6091,CC
6092,CC
6093,CC
6094,CC
6095,CC
6096,CC
6097,CC
6098,CC
6099,CC
6100,CC
6101,CC
6102,CC
6103,CC
6104,CC
6105,CC
6106,CC
6107,CC
6108,CC
6109,CC
6110,CC
6111,CO
6112,CC
6113,CO
6114,CC
6115,CC
6116,CC
6117,CO
6118,CC
6119,CC
6120,CC
6121,CC
6122,CC
6123,CC
6124,CC
6125,CC
6126,CC
6127,CC
6128,CC
6129,CC
6130,CC
6131,CC
6132,CC
6133,CC
6134,CC
6135,CC
6136,CC
6137,CC
6138,CC
6139,CC
6140,CC
6141,CC
6142,CC
6143,CC
6144,CC
6145,CC
6146,CC
6147,CC
6148,CC
6149,CC
6150,CC
6151,CC
6152,CC
6153,CC
6154,CC
6155,CC
6156,CC
6157,CC
6158,CC
6159,CC
6160,CC
6161,CC
6162,CC
6163,CC
6164,CC
6165,CC
6166,CC
6167,CC
6168,CC
6169,CC
6170,CC
6171,CC
6172,CC
6173,CC
6174,CC
6175,CC
6176,CC
6177,CO
6178,CC
6179,CC
6180,CC
6181,CC
6182,CC
6183,CC
6184,CC
6185,CC
6186,CC
6187,CC
6188,CC
6189,CC
6190,CC
6191,CC
6192,CC
6193,CC
6194,CC
6195,CC
6196,CC
6197,CC
6198,CC
6199,CC
6200,CC
6201,CC
6202,CC
6203,CC
6204,CC
6205,CC
6206,CC
6207,CC
6208,CC
6209,CC
6210,CC
6211,CC
6212,CC
6213,CC
6214,CC
6215,CC
6216,CC
6217,CC
6218,CC
6219,CC
6220,CC
6221,CC
6222,CC
6223,CC
6224,CC
6225,CC
6226,CC
6227,CC
6228,CC
6229,CC
6230,CC
6231,CC
6232,CC
6233,CC
6234,CC
6235,CC
6236,CC
6237,CC
6238,CC
6239,CC
6240,CC
6241,CC
6242,CC
6243,CC
6244,CC
6245,CC
6246,CC
6247,CC
6248,CC
6249,CC
6250,CC
6251,CC
6252,CC
6253,CC
6254,CO
6255,CC
6256,CC
6257,CC
6258,CC
6259,CC
6260,CC
6261,CC
6262,CC
6263,CC
6264,CC
6265,CC
6266,CC
6267,CC
6268,CC
6269,CC
6270,CC
6271,CC
6272,CO
6273,CC
6274,CC
6275,CC
6276,CC
6277,CC
6278,CC
6279,CC
6280,CC
6281,CC
6282,CC
6283,CC
6284,CC
6285,CC
6286,CC
6287,CC
6288,CC
6289,CC
6290,CC
6291,CC
6292,CO
6293,CC
6294,CC
6295,CC
6296,CC
6297,CC
6298,CC
6299,CO
6300,CC
6301,CC
6302,CC
6303,CC
6304,CC
6305,CC
6306,CC
6307,CN
6308,CC
6309,CC
6310,CC
6311,CC
6312,CC
6313,CC
6314,CC
6315,CC
6316,CC
6317,CC
6318,CC
6319,CC
6320,CC
6321,CC
6322,CC
6323,CC
6324,CC
6325,CC
6326,CC
6327,CC
6328,CC
6329,CC
6330,CC
6331,CC
6332,CC
6333,CC
6334,CC
6335,CC
6336,CC
6337,CC
6338,CC
6339,CC
6340,CC
6341,CC
6342,CC
6343,CC
6344,CC
6345,CC
6346,CC
6347,CC
6348,CC
6349,CC
6350,CC
6351,CC
6352,CC
6353,CC
6354,CC
6355,CC
6356,CC
6357,CC
6358,CC
6359,CC
6360,CC
6361,CO
6362,CC
6363,CC
6364,CC
6365,CC
6366,CC
6367,CC
6368,CO
6369,CC
6370,CC
6371,CC
6372,CC
6373,CC
6374,CC
6375,CC
6376,CC
6377,CC
6378,CC
6379,CC
6380,CC
6381,CC
6382,CC
6383,CC
6384,CC
6385,CC
6386,CC
6387,CC
6388,CC
6389,CC
6390,CC
6391,CC
6392,CC
6393,CC
6394,CC
6395,CC
6396,CC
6397,CC
6398,CC
6399,CC
6400,CC
6401,CC
6402,CC
6403,CC
6404,CC
6405,CC
6406,CC
6407,CC
6408,CC
6409,CC
6410,CC
6411,CC
6412,CC
6413,CC
6414,CC
6415,CC
6416,CC
6417,CC
6418,CC
6419,CC
6420,CC
6421,CC
6422,CC
6423,CC
6424,CC
6425,CC
6426,CC
6427,CC
6428,CC
6429,CC
6430,CC
6431,CC
6432,CC
6433,CC
6434,CC
6435,CC
6436,CC
6437,CC
6438,CC
6439,CC
6440,CC
6441,CC
6442,CC
6443,CN
6444,CC
6445,CC
6446,CC
6447,CC
6448,CC
6449,CO
6450,CC
6451,CC
6452,CC
6453,CC
6454,CC
6455,CC
6456,CC
6457,CC
6458,CC
6459,CC
6460,CC
6461,CC
6462,CC
6463,CC
6464,CC
6465,CC
6466,CC
6467,CC
6468,CC
6469,CC
6470,CC
6471,CC
6472,CO
6473,CC
6474,CC
6475,CC
6476,CC
6477,CC
6478,CC
6479,CC
6480,CC
6481,CC
6482,CC
6483,CC
6484,CC
6485,CC
6486,CC
6487,CC
6488,CC
6489,CC
6490,CC
6491,CC
6492,CC
6493,CC
6494,CC
6495,CC
6496,CC
6497,CC
6498,CC
6499,CC
6500,CC
6501,CC
6502,CC
6503,CC
6504,CC
6505,CC
6506,CC
6507,CC
6508,CC
6509,CC
6510,CC
6511,CC
6512,CC
6513,CC
6514,CC
6515,CC
6516,CC
6517,CC
6518,CC
6519,CC
6520,CC
6521,CC
6522,CC
6523,CC
6524,CC
6525,CC
6526,CC
6527,CC
6528,CC
6529,CC
6530,CC
6531,CC
6532,CC
6533,CC
6534,CC
6535,CC
6536,CC
6537,CC
6538,CC
6539,CC
6540,CC
6541,CC
6542,CC
6543,CC
6544,CC
6545,CO
6546,CC
6547,CC
6548,CC
6549,CC
6550,CC
6551,CC
6552,CC
6553,CC
6554,CC
6555,CC
6556,CC
6557,CC
6558,CC
6559,CC
6560,CC
6561,CC
6562,CC
6563,CC
6564,CC
6565,CC
6566,CC
6567,CC
6568,CC
6569,CC
6570,CC
6571,CC
6572,CC
6573,CC
6574,CC
6575,CC
6576,CC
6577,CC
6578,CC
6579,CC
6580,CC
6581,CC
6582,CC
6583,CC
6584,CC
6585,CC
6586,CC
6587,CC
6588,CC
6589,CC
6590,CC
6591,CC
6592,CC
6593,CC
6594,CC
6595,CC
6596,CC
6597,CC
6598,CC
6599,CC
6600,CC
6601,CC
6602,CC
6603,CC
6604,CC
6605,CC
6606,CC
6607,CC
6608,CC
6609,CC
6610,CC
6611,CC
6612,CC
6613,CC
6614,CC
6615,CC
6616,CC
6617,CC
6618,CC
6619,CC
6620,CC
6621,CC
6622,CC
6623,CC
6624,CC
6625,CC
6626,CC
6627,CC
6628,CC
6629,CC
6630,CC
6631,CC
6632,CC
6633,CC
6634,CC
6635,CC
6636,CC
6637,CC
6638,CC
6639,CC
6640,CC
6641,CO
6642,CC
6643,CC
6644,CC
6645,CC
6646,CC
6647,CC
6648,CC
6649,CC
6650,CC
6651,CC
6652,CC
6653,CC
6654,CC
6655,CC
6656,CC
6657,CC
6658,CC
6659,CC
6660,CC
6661,CC
6662,CC
6663,CC
6664,CC
6665,CC
6666,CC
6667,CC
6668,CC
6669,CC
6670,CC
6671,CC
6672,CC
6673,CC
6674,CC
6675,CC
6676,CC
6677,CC
6678,CC
6679,CC
6680,CC
6681,CC
6682,CC
6683,CC
6684,CC
6685,CC
6686,CC
6687,CC
6688,CC
6689,CC
6690,CC
6691,CC
6692,CC
6693,CC
6694,CC
6695,CC
6696,CC
6697,CC
6698,CC
6699,CC
6700,CC
6701,CC
6702,CC
6703,CC
6704,CC
6705,CC
6706,CC
6707,CC
6708,CC
6709,CC
6710,CC
6711,CC
6712,CC
6713,CC
6714,CC
6715,CC
6716,CC
6717,CC
6718,CC
6719,CC
6720,CC
6721,CC
6722,CC
6723,CC
6724,CC
6725,CC
6726,CC
6727,CC
6728,CC
6729,CO
6730,CC
6731,CC
6732,CC
6733,CC
6734,CC
6735,CC
6736,CC
6737,CC
6738,CC
6739,CC
6740,CC
6741,CC
6742,CC
6743,CC
6744,CC
6745,CC
6746,CC
6747,CC
6748,CC
6749,CC
6750,CC
6751,CC
6752,CC
6753,CC
6754,CC
6755,CC
6756,CC
6757,CC
6758,CC
6759,CC
6760,CC
6761,CC
6762,CC
6763,CC
6764,CC
6765,CC
6766,CC
6767,CC
6768,CC
6769,CC
6770,CC
6771,CO
6772,CC
6773,CC
6774,CC
6775,CC
6776,CC
6777,CC
6778,CC
6779,CC
6780,CC
6781,CC
6782,CC
6783,CC
6784,CC
6785,CC
6786,CC
6787,CC
6788,CC
6789,CC
6790,CC
6791,CC
6792,CC
6793,CC
6794,CC
6795,CC
6796,CC
6797,CC
6798,CC
6799,CC
6800,CC
6801,CC
6802,CC
6803,CC
6804,CC
6805,CC
6806,CC
6807,CC
6808,CC
6809,CC
6810,CC
6811,CC
6812,CC
6813,CC
6814,CC
6815,CC
6816,CC
6817,CC
6818,CC
6819,CC
6820,CC
6821,CC
6822,CC
6823,CC
6824,CC
6825,CC
6826,CC
6827,CC
6828,CC
6829,CC
6830,CC
6831,CC
6832,CC
6833,CC
6834,CC
6835,CC
6836,CC
6837,CC
6838,CC
6839,CC
6840,CC
6841,CC
6842,CC
6843,CC
6844,CC
6845,CC
6846,CC
6847,CC
6848,CC
6849,CC
6850,CC
6851,CC
6852,CC
6853,CC
6854,CC
6855,CC
6856,CO
6857,CO
6858,CC
6859,CC
6860,CC
6861,CC
6862,CC
6863,CC
6864,CC
6865,CC
6866,CC
6867,CC
6868,CC
6869,CC
6870,CC
6871,CC
6872,CC
6873,CC
6874,CC
6875,CC
6876,CC
6877,CC
6878,CC
6879,CC
6880,CC
6881,CC
6882,CC
6883,CC
6884,CC
6885,CC
6886,CC
6887,CC
6888,CC
6889,CC
6890,CC
6891,CC
6892,CC
6893,CC
6894,CC
6895,CC
6896,CC
6897,CC
6898,CC
6899,CC
6900,CC
6901,CC
6902,CC
6903,CC
6904,CC
6905,CC
6906,CC
6907,CC
6908,CC
6909,CC
6910,CC
6911,CC
6912,CC
6913,CC
6914,CC
6915,CC
6916,CC
6917,CC
6918,CC
6919,CC
6920,CC
6921,CC
6922,CC
6923,CC
6924,CC
6925,CC
6926,CC
6927,CC
6928,CC
6929,CC
6930,CC
6931,CC
6932,CC
6933,CC
6934,CC
6935,CO
6936,CC
6937,CC
6938,CO
6939,CC
6940,CC
6941,CC
6942,CC
6943,CC
6944,CC
6945,CC
6946,CC
6947,CC
6948,CC
6949,CC
6950,CC
6951,CC
6952,CC
6953,CO
6954,CC
6955,CC
6956,CC
6957,CC
6958,CC
6959,CC
6960,CC
6961,CC
6962,CC
6963,CC
6964,CC
6965,CC
6966,CC
6967,CC
6968,CC
6969,CC
6970,CC
6971,CC
6972,CC
6973,CC
6974,CC
6975,CC
6976,CC
6977,CC
6978,CC
6979,CC
6980,CC
6981,CC
6982,CC
6983,CC
6984,CC
6985,CC
6986,CC
6987,CC
6988,CC
6989,CC
6990,CC
6991,CC
6992,CC
6993,CC
6994,CC
6995,CC
6996,CC
6997,CC
6998,CC
6999,CC
7000,CO
7001,CC
7002,CC
7003,CC
7004,CC
7005,CC
7006,CC
7007,CC
7008,CC
7009,CC
7010,CC
7011,CC
7012,CC
7013,CC
7014,CC
7015,CC
7016,CC
7017,CC
7018,CC
7019,CC
7020,CC
7021,CC
7022,CC
7023,CC
7024,CC
7025,CC
7026,CC
7027,CC
7028,CC
7029,CC
7030,CC
7031,CC
7032,CC
7033,CC
7034,CC
7035,CC
7036,CC
7037,CC
7038,CO
7039,CC
7040,CC
7041,CC
7042,CC
7043,CC
7044,CC
7045,CC
7046,CC
7047,CC
7048,CC
7049,CC
7050,CC
7051,CC
7052,CC
7053,CC
7054,CC
7055,CC
7056,CC
7057,CC
7058,CC
7059,CC
7060,CC
7061,CC
7062,CC
7063,CC
7064,CC
7065,CC
7066,CC
7067,CC
7068,CC
7069,CC
7070,CC
7071,CC
7072,CC
7073,CC
7074,CC
7075,CC
7076,CC
7077,CC
7078,CC
7079,CC
7080,CC
7081,CC
7082,CC
7083,CC
7084,CC
7085,CC
7086,CC
7087,CC
7088,CC
7089,CC
7090,CC
7091,CC
7092,CC
7093,CC
7094,CC
7095,CC
7096,CC
7097,CC
7098,CC
7099,CC
7100,CC
7101,CC
7102,CC
7103,CC
7104,CC
7105,CC
7106,CC
7107,CC
7108,CC
7109,CC
7110,CC
7111,CC
7112,CC
7113,CC
7114,CC
7115,CC
7116,CC
7117,CC
7118,CC
7119,CC
7120,CC
7121,CC
7122,CC
7123,CC
7124,CC
7125,CC
7126,CC
7127,CC
7128,CC
7129,CC
7130,CC
7131,CC
7132,CC
7133,CC
7134,CC
7135,CC
7136,CC
7137,CC
7138,CC
7139,CC
7140,CC
7141,CC
7142,CC
7143,CC
7144,CC
7145,CC
7146,CC
7147,CC
7148,CC
7149,CC
7150,CC
7151,CC
7152,CC
7153,CC
7154,CC
7155,CC
7156,CC
7157,CC
7158,CC
7159,CC
7160,CC
7161,CC
7162,CC
7163,CC
7164,CC
7165,CC
7166,CC
7167,CC
7168,CC
7169,CC
7170,CC
7171,CC
7172,CC
7173,CC
7174,CC
7175,CC
7176,CC
7177,CC
7178,CC
7179,CC
7180,CC
7181,CC
7182,CC
7183,CC
7184,CC
7185,CC
7186,CC
7187,CC
7188,CC
7189,CC
7190,CC
7191,CC
7192,CC
7193,CC
7194,CC
7195,CC
7196,CC
7197,CC
7198,CC
7199,CC
7200,CC
7201,CC
7202,CC
7203,CC
7204,CC
7205,CC
7206,CC
7207,CC
7208,CC
7209,CC
7210,CC
7211,CC
7212,CC
7213,CC
7214,CC
7215,CC
7216,CC
7217,CC
7218,CC
7219,CC
7220,CC
7221,CC
7222,CC
7223,CC
7224,CC
7225,CC
7226,CC
7227,CC
7228,CC
7229,CC
7230,CC
7231,CC
7232,CC
7233,CC
7234,CC
7235,CC
7236,CC
7237,CC
7238,CC
7239,CC
7240,CC
7241,CC
7242,CC
7243,CC
7244,CC
7245,CC
7246,CC
7247,CC
7248,CC
7249,CC
7250,CC
7251,CC
7252,CC
7253,CC
7254,CC
7255,CC
7256,CC
7257,CC
7258,CC
7259,CC
7260,CC
7261,CC
7262,CC
7263,CC
7264,CC
7265,CC
7266,CC
7267,CC
7268,CC
7269,CC
7270,CC
7271,CC
7272,CC
7273,CC
7274,CC
7275,CC
7276,CC
7277,CC
7278,CC
7279,CC
7280,CC
7281,CC
7282,CC
7283,CO
7284,CC
7285,CC
7286,CC
7287,CC
7288,CC
7289,CC
7290,CC
7291,CC
7292,CO
7293,CC
7294,CC
7295,CC
7296,CC
7297,CC
7298,CC
7299,CC
7300,CC
7301,CC
7302,CC
7303,CC
7304,CC
7305,CC
7306,CC
7307,CC
7308,CC
7309,CC
7310,CO
7311,CC
7312,CC
7313,CC
7314,CC
7315,CC
7316,CC
7317,CC
7318,CC
7319,CO
7320,CC
7321,CN
7322,CC
7323,CC
7324,CC
7325,CC
7326,CC
7327,CC
7328,CC
7329,CC
7330,CC
7331,CC
7332,CC
7333,CC
7334,CC
7335,CC
7336,CC
7337,CC
7338,CC
7339,CC
7340,CC
7341,CC
7342,CC
7343,CC
7344,CC
7345,CC
7346,CC
7347,CC
7348,CC
7349,CC
7350,CC
7351,CC
7352,CC
7353,CC
7354,CC
7355,CC
7356,CC
7357,CC
7358,CC
7359,CC
7360,CC
7361,CC
7362,CC
7363,CC
7364,CC
7365,CC
7366,CC
7367,CC
7368,CC
7369,CC
7370,CC
7371,CC
7372,CC
7373,CC
7374,CC
7375,CC
7376,CC
7377,CC
7378,CC
7379,CC
7380,CC
7381,CC
7382,CC
7383,CC
7384,CC
7385,CC
7386,CC
7387,CC
7388,CC
7389,CC
7390,CC
7391,CC
7392,CC
7393,CC
7394,CC
7395,CC
7396,CC
7397,CC
7398,CC
7399,CC
7400,CC
7401,CC
7402,CC
7403,CC
7404,CC
7405,CC
7406,CC
7407,CC
7408,CC
7409,CC
7410,CC
7411,CC
7412,CC
7413,CC
7414,CC
7415,CC
7416,CC
7417,CC
7418,CC
7419,CC
7420,CC
7421,CC
7422,CC
7423,CC
7424,CC
7425,CC
7426,CC
7427,CO
7428,CC
7429,CC
7430,CC
7431,CC
7432,CC
7433,CC
7434,CC
7435,CC
7436,CC
7437,CC
7438,CC
7439,CC
7440,CC
7441,CC
7442,CC
7443,CC
7444,CC
7445,CC
7446,CC
7447,CC
7448,CC
7449,CC
7450,CC
7451,CC
7452,CC
7453,CC
7454,CC
7455,CC
7456,CC
7457,CC
7458,CC
7459,CC
7460,CC
7461,CC
7462,CC
7463,CC
7464,CC
7465,CC
7466,CC
7467,CC
7468,CC
7469,CC
7470,CC
7471,CC
7472,CC
7473,CC
7474,CC
7475,CC
7476,CC
7477,CC
7478,CC
7479,CC
7480,CC
7481,CC
7482,CC
7483,CC
7484,CC
7485,CC
7486,CC
7487,CC
7488,CC
7489,CC
7490,CC
7491,CC
7492,CC
7493,CC
7494,CC
7495,CC
7496,CC
7497,CC
7498,CC
7499,CC
7500,CC
7501,CC
7502,CC
7503,CC
7504,CC
7505,CC
7506,CC
7507,CC
7508,CC
7509,CC
7510,CC
7511,CC
7512,CC
7513,CC
7514,CC
7515,CC
7516,CC
7517,CC
7518,CC
7519,CC
7520,CC
7521,CC
7522,CC
7523,CC
7524,CC
7525,CC
7526,CC
7527,CC
7528,CC
7529,CO
7530,CC
7531,CC
7532,CC
7533,CC
7534,CC
7535,CC
7536,CC
7537,CC
7538,CC
7539,CC
7540,CC
7541,CC
7542,CC
7543,CC
7544,CC
7545,CC
7546,CC
7547,CC
7548,CC
7549,CC
7550,CC
7551,CC
7552,CC
7553,CC
7554,CC
7555,CC
7556,CC
7557,CC
7558,CC
7559,CC
7560,CC
7561,CC
7562,CC
7563,CC
7564,CC
7565,CC
7566,CC
7567,CC
7568,CC
7569,CC
7570,CC
7571,CC
7572,CC
7573,CC
7574,CC
7575,CC
7576,CC
7577,CC
7578,CC
7579,CC
7580,CC
7581,CC
7582,CC
7583,CC
7584,CC
7585,CC
7586,CC
7587,CC
7588,CC
7589,CC
7590,CC
7591,CC
7592,CC
7593,CC
7594,CC
7595,CC
7596,CC
7597,CC
7598,CC
7599,CC
7600,CC
7601,CC
7602,CC
7603,CC
7604,CC
7605,CC
7606,CC
7607,CC
7608,CC
7609,CC
7610,CC
7611,CC
7612,CC
7613,CC
7614,CC
7615,CC
7616,CC
7617,CC
7618,CC
7619,CC
7620,CC
7621,CC
7622,CC
7623,CC
7624,CC
7625,CC
7626,CC
7627,CC
7628,CC
7629,CC
7630,CC
7631,CC
7632,CC
7633,CC
7634,CC
7635,CC
7636,CC
7637,CC
7638,CC
7639,CC
7640,CC
7641,CC
7642,CC
7643,CC
7644,CC
7645,CC
7646,CC
7647,CC
7648,CC
7649,CC
7650,CC
7651,CC
7652,CC
7653,CC
7654,CC
7655,CC
7656,CC
7657,CC
7658,CC
7659,CC
7660,CC
7661,CC
7662,CC
7663,CC
7664,CC
7665,CC
7666,CC
7667,CC
7668,CN
7669,CC
7670,CC
7671,CC
7672,CC
7673,CC
7674,CC
7675,CC
7676,CC
7677,CC
7678,CC
7679,CC
7680,CC
7681,CC
7682,CC
7683,CC
7684,CC
7685,CC
7686,CC
7687,CC
7688,CO
7689,CC
7690,CC
7691,CC
7692,CC
7693,CC
7694,CC
7695,CC
7696,CC
7697,CC
7698,CC
7699,CC
7700,CC
7701,CC
7702,CC
7703,CC
7704,CC
7705,CC
7706,CC
7707,CC
7708,CC
7709,CC
7710,CC
7711,CC
7712,CC
7713,CC
7714,CC
7715,CC
7716,CC
7717,CC
7718,CC
7719,CC
7720,CC
7721,CC
7722,CC
7723,CC
7724,CC
7725,CC
7726,CC
7727,CC
7728,CC
7729,CC
7730,CC
7731,CC
7732,CC
7733,CC
7734,CC
7735,CC
7736,CC
7737,CC
7738,CC
7739,CC
7740,CC
7741,CC
7742,CC
7743,CC
7744,CC
7745,CC
7746,CC
7747,CC
7748,CC
7749,CC
7750,CC
7751,CC
7752,CC
7753,CC
7754,CC
7755,CC
7756,CC
7757,CC
7758,CC
7759,CC
7760,CC
7761,CC
7762,CC
7763,CC
7764,CC
7765,CO
7766,CC
7767,CC
7768,CC
7769,CC
7770,CC
7771,CC
7772,CC
7773,CC
7774,CC
7775,CC
7776,CC
7777,CC
7778,CC
7779,CC
7780,CO
7781,CC
7782,CC
7783,CC
7784,CC
7785,CC
7786,CC
7787,CC
7788,CC
7789,CC
7790,CC
7791,CC
7792,CC
7793,CC
7794,CC
7795,CC
7796,CC
7797,CC
7798,CC
7799,CC
7800,CC
7801,CC
7802,CC
7803,CC
7804,CC
7805,CC
7806,CC
7807,CC
7808,CC
7809,CC
7810,CC
7811,CC
7812,CC
7813,CC
7814,CC
7815,CC
7816,CC
7817,CC
7818,CC
7819,CC
7820,CC
7821,CC
7822,CC
7823,CC
7824,CC
7825,CC
7826,CC
7827,CC
7828,CC
7829,CC
7830,CC
7831,CC
7832,CC
7833,CC
7834,CC
7835,CC
7836,CC
7837,CC
7838,CC
7839,CC
7840,CC
7841,CC
7842,CC
7843,CC
7844,CC
7845,CC
7846,CC
7847,CC
7848,CC
7849,CC
7850,CC
7851,CC
7852,CC
7853,CC
7854,CC
7855,CC
7856,CC
7857,CC
7858,CC
7859,CC
7860,CC
7861,CC
7862,CC
7863,CC
7864,CC
7865,CC
7866,CC
7867,CC
7868,CC
7869,CC
7870,CC
7871,CC
7872,CC
7873,CC
7874,CC
7875,CC
7876,CC
7877,CC
7878,CC
7879,CC
7880,CC
7881,CC
7882,CC
7883,CC
7884,CC
7885,CC
7886,CC
7887,CC
7888,CC
7889,CC
7890,CC
7891,CC
7892,CC
7893,CC
7894,CC
7895,CC
7896,CC
7897,CC
7898,CC
7899,CC
7900,CC
7901,CC
7902,CC
7903,CC
7904,CC
7905,CC
7906,CC
7907,CC
7908,CC
7909,CC
7910,CC
7911,CC
7912,CC
7913,CC
7914,CC
7915,CC
7916,CC
7917,CC
7918,CC
7919,CC
7920,CC
7921,CC
7922,CC
7923,CC
7924,CC
7925,CC
7926,CC
7927,CC
7928,CC
7929,CC
7930,CC
7931,CC
7932,CC
7933,CC
7934,CC
7935,CC
7936,CC
7937,CC
7938,CC
7939,CC
7940,CC
7941,CC
7942,CC
7943,CC
7944,CC
7945,CC
7946,CC
7947,CC
7948,CC
7949,CC
7950,CC
7951,CC
7952,CC
7953,CC
7954,CC
7955,CC
7956,CC
7957,CC
7958,CC
7959,CC
7960,CC
7961,CC
7962,CC
7963,CC
7964,CC
7965,CC
7966,CC
7967,CC
7968,CC
7969,CC
7970,CC
7971,CC
7972,CC
7973,CC
7974,CC
7975,CC
7976,CC
7977,CC
7978,CC
7979,CC
7980,CC
7981,CC
7982,CC
7983,CC
7984,CC
7985,CC
7986,CC
7987,CC
7988,CC
7989,CC
7990,CC
7991,CC
7992,CC
7993,CC
7994,CC
7995,CC
7996,CC
7997,CC
7998,CC
7999,CC
8000,CC
8001,CC
8002,CC
8003,CC
8004,CC
8005,CO
8006,CC
8007,CC
8008,CC
8009,CC
8010,CC
8011,CC
8012,CC
8013,CC
8014,CC
8015,CC
8016,CC
8017,CC
8018,CC
8019,CC
8020,CC
8021,CC
8022,CC
8023,CC
8024,CC
8025,CC
8026,CC
8027,CC
8028,CC
8029,CC
8030,CC
8031,CC
8032,CC
8033,CC
8034,CC
8035,CC
8036,CC
8037,CC
8038,CC
8039,CC
8040,CC
8041,CC
8042,CC
8043,CC
8044,CC
8045,CC
8046,CC
8047,CC
8048,CC
8049,CC
8050,CC
8051,CC
8052,CC
8053,CC
8054,CC
8055,CC
8056,CC
8057,CC
8058,CC
8059,CC
8060,CC
8061,CC
8062,CC
8063,CC
8064,CC
8065,CC
8066,CC
8067,CC
8068,CC
8069,CC
8070,CC
8071,CC
8072,CC
8073,CC
8074,CC
8075,CC
8076,CC
8077,CC
8078,CC
8079,CC
8080,CC
8081,CC
8082,CC
8083,CC
8084,CC
8085,CC
8086,CC
8087,CC
8088,CC
8089,CC
8090,CC
8091,CC
8092,CC
8093,CC
8094,CC
8095,CC
8096,CC
8097,CC
8098,CC
8099,CO
8100,CC
8101,CC
8102,CC
8103,CC
8104,CC
8105,CC
8106,CC
8107,CC
8108,CC
8109,CC
8110,CC
8111,CC
8112,CC
8113,CC
8114,CC
8115,CC
8116,CC
8117,CC
8118,CC
8119,CC
8120,CC
8121,CC
8122,CC
8123,CC
8124,CC
8125,CC
8126,CO
8127,CC
8128,CC
8129,CC
8130,CC
8131,CC
8132,CC
8133,CC
8134,CC
8135,CC
8136,CC
8137,CC
8138,CC
8139,CC
8140,CC
8141,CC
8142,CC
8143,CC
8144,CC
8145,CC
8146,CC
8147,CC
8148,CC
8149,CC
8150,CC
8151,CC
8152,CC
8153,CC
8154,CC
8155,CC
8156,CC
8157,CC
8158,CC
8159,CC
8160,CC
8161,CC
8162,CC
8163,CC
8164,CC
8165,CC
8166,CC
8167,CC
8168,CO
8169,CC
8170,CC
8171,CC
8172,CC
8173,CC
8174,CC
8175,CC
8176,CC
8177,CC
8178,CC
8179,CC
8180,CC
8181,CC
8182,CC
8183,CC
8184,CC
8185,CC
8186,CC
8187,CC
8188,CC
8189,CC
8190,CC
8191,CC
8192,CC
8193,CC
8194,CC
8195,CC
8196,CC
8197,CC
8198,CC
8199,CC
8200,CC
8201,CC
8202,CC
8203,CC
8204,CC
8205,CC
8206,CC
8207,CC
8208,CC
8209,CC
8210,CC
8211,CC
8212,CC
8213,CC
8214,CC
8215,CC
8216,CC
8217,CC
8218,CC
8219,CC
8220,CC
8221,CC
8222,CC
8223,CC
8224,CO
8225,CC
8226,CC
8227,CC
8228,CC
8229,CC
8230,CC
8231,CC
8232,CC
8233,CC
8234,CC
8235,CC
8236,CC
8237,CC
8238,CC
8239,CC
8240,CC
8241,CC
8242,CCC
8243,CC
8244,CC
8245,CC
8246,CC
8247,CC
8248,CC
8249,CC
8250,CC
8251,CC
8252,CC
8253,CC
8254,CC
8255,CC
8256,CC
8257,CC
8258,CC
8259,CC
8260,CC
8261,CC
8262,CC
8263,CC
8264,CC
8265,CC
8266,CC
8267,CC
8268,CC
8269,CC
8270,CC
8271,CC
8272,CC
8273,CC
8274,CC
8275,CC
8276,CC
8277,CC
8278,CO
8279,CC
8280,CC
8281,CC
8282,CC
8283,CC
8284,CC
8285,CC
8286,CC
8287,CC
8288,CC
8289,CC
8290,CC
8291,CC
8292,CC
8293,CC
8294,CC
8295,CC
8296,CC
8297,CC
8298,CC
8299,CC
8300,CC
8301,CC
8302,CC
8303,CC
8304,CC
8305,CC
8306,CC
8307,CC
8308,CC
8309,CC
8310,CC
8311,CC
8312,CC
8313,CC
8314,CC
8315,CC
8316,CC
8317,CC
8318,CC
8319,CC
8320,CC
8321,CC
8322,CC
8323,CC
8324,CC
8325,CC
8326,CC
8327,CC
8328,CC
8329,CC
8330,CC
8331,CC
8332,CC
8333,CC
8334,CC
8335,CC
8336,CC
8337,CC
8338,CC
8339,CO
8340,CC
8341,CC
8342,CC
8343,CC
8344,CC
8345,CC
8346,CC
8347,CC
8348,CC
8349,CC
8350,CC
8351,CC
8352,CC
8353,CC
8354,CC
8355,CC
8356,CC
8357,CC
8358,CC
8359,CC
8360,CC
8361,CC
8362,CC
8363,CC
8364,CC
8365,CC
8366,CC
8367,CC
8368,CC
8369,CO
8370,CC
8371,CC
8372,CC
8373,CC
8374,CC
8375,CC
8376,CC
8377,CC
8378,CC
8379,CC
8380,CC
8381,CC
8382,CC
8383,CC
8384,CC
8385,CC
8386,CC
8387,CC
8388,CC
8389,CC
8390,CC
8391,CC
8392,CC
8393,CC
8394,CC
8395,CC
8396,CC
8397,CC
8398,CC
8399,CC
8400,CC
8401,CC
8402,CC
8403,CC
8404,CC
8405,CC
8406,CC
8407,CCC
8408,CC
8409,CC
8410,CC
8411,CC
8412,CC
8413,CC
8414,CC
8415,CC
8416,CC
8417,CC
8418,CC
8419,CC
8420,CC
8421,CC
8422,CC
8423,CC
8424,CC
8425,CC
8426,CC
8427,CC
8428,CC
8429,CC
8430,CC
8431,CC
8432,CC
8433,CN
8434,CC
8435,CC
8436,CC
8437,CC
8438,CC
8439,CC
8440,CC
8441,CC
8442,CC
8443,CC
8444,CC
8445,CC
8446,CC
8447,CC
8448,CC
8449,CC
8450,CC
8451,CC
8452,CC
8453,CC
8454,CC
8455,CC
8456,CC
8457,CC
8458,CC
8459,CC
8460,CC
8461,CC
8462,CC
8463,CC
8464,CC
8465,CC
8466,CC
8467,CC
8468,CC
8469,CC
8470,CC
8471,CC
8472,CC
8473,CC
8474,CC
8475,CC
8476,CC
8477,CC
8478,CC
8479,CC
8480,CC
8481,CC
8482,CC
8483,CC
8484,CC
8485,CC
8486,CC
8487,CC
8488,CC
8489,CC
8490,CC
8491,CC
8492,CC
8493,CC
8494,CC
8495,CC
8496,CC
8497,CC
8498,CC
8499,CC
8500,CC
8501,CC
8502,CC
8503,CC
8504,CC
8505,CC
8506,CC
8507,CC
8508,CC
8509,CC
8510,CC
8511,CC
8512,CC
8513,CC
8514,CC
8515,CC
8516,CC
8517,CC
8518,CC
8519,CC
8520,CC
8521,CC
8522,CC
8523,CC
8524,CC
8525,CC
8526,CC
8527,CC
8528,CC
8529,CC
8530,CC
8531,CC
8532,CC
8533,CC
8534,CC
8535,CC
8536,CC
8537,CC
8538,CC
8539,CC
8540,CC
8541,CC
8542,CC
8543,CC
8544,CC
8545,CC
8546,CO
8547,CC
8548,CC
8549,CC
8550,CC
8551,CC
8552,CC
8553,CC
8554,CC
8555,CC
8556,CC
8557,CC
8558,CC
8559,CC
8560,CC
8561,CC
8562,CC
8563,CC
8564,CC
8565,CC
8566,CC
8567,CC
8568,CC
8569,CC
8570,CC
8571,CC
8572,CC
8573,CC
8574,CC
8575,CC
8576,CC
8577,CC
8578,CC
8579,CC
8580,CC
8581,CC
8582,CC
8583,CC
8584,CC
8585,CC
8586,CC
8587,CC
8588,CC
8589,CC
8590,CO
8591,CC
8592,CC
8593,CC
8594,CC
8595,CC
8596,CC
8597,CC
8598,CC
8599,CC
8600,CC
8601,CC
8602,CC
8603,CC
8604,CC
8605,CC
8606,CC
8607,CC
8608,CC
8609,CC
8610,CC
8611,CC
8612,CC
8613,CC
8614,CC
8615,CC
8616,CC
8617,CC
8618,CC
8619,CC
8620,CC
8621,CC
8622,CC
8623,CC
8624,CC
8625,CC
8626,CC
8627,CC
8628,CC
8629,CC
8630,CC
8631,CC
8632,CC
8633,CC
8634,CC
8635,CC
8636,CC
8637,CC
8638,CC
8639,CC
8640,CC
8641,CC
8642,CC
8643,CC
8644,CC
8645,CC
8646,CC
8647,CC
8648,CC
8649,CC
8650,CC
8651,CC
8652,CC
8653,CC
8654,CC
8655,CC
8656,CC
8657,CC
8658,CC
8659,CC
8660,CC
8661,CC
8662,CC
8663,CC
8664,CC
8665,CC
8666,CC
8667,CC
8668,CC
8669,CC
8670,CC
8671,CC
8672,CC
8673,CC
8674,CC
8675,CC
8676,CC
8677,CC
8678,CC
8679,CC
8680,CC
8681,CC
8682,CC
8683,CC
8684,CC
8685,CC
8686,CC
8687,CC
8688,CC
8689,CC
8690,CC
8691,CC
8692,CC
8693,CC
8694,CC
8695,CC
8696,CC
8697,CC
8698,CC
8699,CC
8700,CC
8701,CC
8702,CC
8703,CC
8704,CC
8705,CC
8706,CC
8707,CC
8708,CC
8709,CC
8710,CC
8711,CC
8712,CC
8713,CC
8714,CC
8715,CC
8716,CC
8717,CC
8718,CC
8719,CC
8720,CC
8721,CC
8722,CC
8723,CC
8724,CC
8725,CC
8726,CC
8727,CC
8728,CC
8729,CC
8730,CC
8731,CC
8732,CC
8733,CC
8734,CC
8735,CC
8736,CC
8737,CC
8738,CC
8739,CC
8740,CC
8741,CC
8742,CC
8743,CC
8744,CC
8745,CC
8746,CC
8747,CC
8748,CC
8749,CC
8750,CC
8751,CC
8752,CC
8753,CC
8754,CC
8755,CC
8756,CC
8757,CC
8758,CC
8759,CC
8760,CC
8761,CC
8762,CC
8763,CC
8764,CC
8765,CC
8766,CC
8767,CC
8768,CC
8769,CC
8770,CC
8771,CC
8772,CC
8773,CC
8774,CC
8775,CC
8776,CC
8777,CC
8778,CC
8779,CC
8780,CC
8781,CC
8782,CC
8783,CC
8784,CC
8785,CC
8786,CO
8787,CC
8788,CC
8789,CC
8790,CC
8791,CC
8792,CC
8793,CC
8794,CC
8795,CC
8796,CC
8797,CO
8798,CC
8799,CC
8800,CC
8801,CC
8802,CC
8803,CC
8804,CC
8805,CC
8806,CC
8807,CC
8808,CC
8809,CC
8810,CC
8811,CC
8812,CC
8813,CC
8814,CC
8815,CC
8816,CC
8817,CO
8818,CC
8819,CC
8820,CC
8821,CC
8822,CC
8823,CC
8824,CC
8825,CC
8826,CC
8827,CC
8828,CC
8829,CC
8830,CC
8831,CC
8832,CC
8833,CC
8834,CC
8835,CC
8836,CC
8837,CC
8838,CC
8839,CC
8840,CC
8841,CC
8842,CC
8843,CC
8844,CC
8845,CC
8846,CC
8847,CC
8848,CC
8849,CC
8850,CC
8851,CC
8852,CO
8853,CC
8854,CC
8855,CC
8856,CC
8857,CC
8858,CC
8859,CC
8860,CC
8861,CC
8862,CC
8863,CC
8864,CC
8865,CC
8866,CC
8867,CC
8868,CC
8869,CC
8870,CC
8871,CC
8872,CC
8873,CC
8874,CC
8875,CC
8876,CC
8877,CC
8878,CC
8879,CC
8880,CC
8881,CC
8882,CC
8883,CC
8884,CC
8885,CC
8886,CC
8887,CC
8888,CC
8889,CC
8890,CC
8891,CC
8892,CC
8893,CC
8894,CC
8895,CC
8896,CC
8897,CC
8898,CC
8899,CC
8900,CC
8901,CC
8902,CC
8903,CC
8904,CC
8905,CC
8906,CC
8907,CC
8908,CC
8909,CC
8910,CC
8911,CC
8912,CC
8913,CC
8914,CC
8915,CC
8916,CC
8917,CC
8918,CC
8919,CC
8920,CC
8921,CC
8922,CC
8923,CC
8924,CC
8925,CC
8926,CC
8927,CC
8928,CC
8929,CC
8930,CC
8931,CC
8932,CC
8933,CC
8934,CC
8935,CC
8936,CC
8937,CC
8938,CC
8939,CC
8940,CC
8941,CC
8942,CC
8943,CC
8944,CC
8945,CC
8946,CC
8947,CC
8948,CC
8949,CC
8950,CC
8951,CC
8952,CC
8953,CC
8954,CC
8955,CC
8956,CC
8957,CC
8958,CC
8959,CC
8960,CC
8961,CC
8962,CC
8963,CC
8964,CC
8965,CC
8966,CC
8967,CC
8968,CC
8969,CC
8970,CC
8971,CC
8972,CC
8973,CC
8974,CC
8975,CC
8976,CC
8977,CC
8978,CC
8979,CC
8980,CC
8981,CC
8982,CC
8983,CC
8984,CC
8985,CC
8986,CC
8987,CC
8988,CC
8989,CC
8990,CC
8991,CC
8992,CC
8993,CC
8994,CC
8995,CC
8996,CC
8997,CC
8998,CO
8999,CC
9000,CC
9001,CC
9002,CC
9003,CC
9004,CC
9005,CC
9006,CC
9007,CC
9008,CC
9009,CC
9010,CC
9011,CC
9012,CC
9013,CC
9014,CC
9015,CC
9016,CO
9017,CC
9018,CC
9019,CC
9020,CC
9021,CC
9022,CC
9023,CC
9024,CC
9025,CC
9026,CC
9027,CC
9028,CC
9029,CC
9030,CC
9031,CC
9032,CC
9033,CC
9034,CC
9035,CC
9036,CC
9037,CC
9038,CC
9039,CC
9040,CC
9041,CC
9042,CC
9043,CC
9044,CC
9045,CC
9046,CC
9047,CC
9048,CC
9049,CC
9050,CC
9051,CC
9052,CC
9053,CC
9054,CC
9055,CC
9056,CC
9057,CC
9058,CC
9059,CC
9060,CC
9061,CC
9062,CC
9063,CC
9064,CC
9065,CC
9066,CC
9067,CC
9068,CC
9069,CC
9070,CC
9071,CC
9072,CC
9073,CO
9074,CC
9075,CC
9076,CC
9077,CC
9078,CC
9079,CC
9080,CC
9081,CC
9082,CC
9083,CC
9084,CC
9085,CC
9086,CC
9087,CC
9088,CC
9089,CC
9090,CC
9091,CC
9092,CC
9093,CC
9094,CC
9095,CC
9096,CC
9097,CC
9098,CC
9099,CC
9100,CC
9101,CC
9102,CC
9103,CC
9104,CO
9105,CO
9106,CC
9107,CC
9108,CC
9109,CC
9110,CC
9111,CC
9112,CC
9113,CC
9114,CC
9115,CC
9116,CC
9117,CC
9118,CC
9119,CC
9120,CC
9121,CC
9122,CC
9123,CC
9124,CC
9125,CC
9126,CC
9127,CC
9128,CC
9129,CC
9130,CC
9131,CC
9132,CC
9133,CC
9134,CC
9135,CC
9136,CC
9137,CC
9138,CC
9139,CC
9140,CC
9141,CC
9142,CC
9143,CC
9144,CC
9145,CC
9146,CC
9147,CC
9148,CC
9149,CC
9150,CC
9151,CC
9152,CC
9153,CO
9154,CC
9155,CC
9156,CC
9157,CC
9158,CC
9159,CC
9160,CC
9161,CC
9162,CC
9163,CC
9164,CC
9165,CC
9166,CC
9167,CC
9168,CC
9169,CC
9170,CC
9171,CC
9172,CC
9173,CC
9174,CC
9175,CC
9176,CC
9177,CC
9178,CC
9179,CC
9180,CC
9181,CC
9182,CC
9183,CC
9184,CC
9185,CC
9186,CC
9187,CC
9188,CC
9189,CC
9190,CC
9191,CC
9192,CC
9193,CC
9194,CC
9195,CC
9196,CC
9197,CC
9198,CC
9199,CC
9200,CC
9201,CC
9202,CC
9203,CC
9204,CC
9205,CC
9206,CC
9207,CC
9208,CC
9209,CC
9210,CC
9211,CC
9212,CC
9213,CC
9214,CC
9215,CC
9216,CC
9217,CC
9218,CC
9219,CC
9220,CC
9221,CC
9222,CC
9223,CC
9224,CC
9225,CC
9226,CC
9227,CC
9228,CO
9229,CC
9230,CC
9231,CC
9232,CC
9233,CC
9234,CC
9235,CC
9236,CC
9237,CC
9238,CC
9239,CC
9240,CC
9241,CC
9242,CC
9243,CC
9244,CC
9245,CC
9246,CC
9247,CC
9248,CC
9249,CC
9250,CC
9251,CC
9252,CC
9253,CC
9254,CC
9255,CC
9256,CC
9257,CC
9258,CC
9259,CC
9260,CC
9261,CC
9262,CC
9263,CC
9264,CC
9265,CC
9266,CC
9267,CC
9268,CC
9269,CC
9270,CC
9271,CC
9272,CC
9273,CC
9274,CC
9275,CC
9276,CC
9277,CC
9278,CC
9279,CC
9280,CC
9281,CC
9282,CC
9283,CC
9284,CC
9285,CC
9286,CC
9287,CC
9288,CC
9289,CC
9290,CC
9291,CC
9292,CC
9293,CC
9294,CC
9295,CC
9296,CC
9297,CC
9298,CC
9299,CC
9300,CC
9301,CC
9302,CC
9303,CC
9304,CC
9305,CC
9306,CC
9307,CC
9308,CC
9309,CC
9310,CC
9311,CC
9312,CC
9313,CC
9314,CC
9315,CC
9316,CC
9317,CC
9318,CC
9319,CC
9320,CC
9321,CC
9322,CC
9323,CC
9324,CC
9325,CC
9326,CC
9327,CC
9328,CC
9329,CC
9330,CC
9331,CC
9332,CO
9333,CC
9334,CC
9335,CC
9336,CC
9337,CC
9338,CC
9339,CC
9340,CC
9341,CC
9342,CC
9343,CC
9344,CC
9345,CC
9346,CC
9347,CC
9348,CC
9349,CC
9350,CC
9351,CC
9352,CC
9353,CC
9354,CC
9355,CC
9356,CC
9357,CC
9358,CC
9359,CC
9360,CC
9361,CC
9362,CC
9363,CC
9364,CC
9365,CC
9366,CC
9367,CC
9368,CC
9369,CC
9370,CC
9371,CC
9372,CC
9373,CC
9374,CC
9375,CC
9376,CC
9377,CC
9378,CC
9379,CC
9380,CC
9381,CC
9382,CC
9383,CC
9384,CC
9385,CC
9386,CC
9387,CC
9388,CC
9389,CC
9390,CC
9391,CC
9392,CC
9393,CC
9394,CC
9395,CC
9396,CC
9397,CC
9398,CC
9399,CC
9400,CC
9401,CC
9402,CC
9403,CC
9404,CC
9405,CC
9406,CC
9407,CC
9408,CC
9409,CC
9410,CC
9411,CC
9412,CC
9413,CC
9414,CC
9415,CC
9416,CN
9417,CC
9418,CC
9419,CC
9420,CC
9421,CC
9422,CC
9423,CC
9424,CC
9425,CC
9426,CC
9427,CC
9428,CC
9429,CC
9430,CC
9431,CC
9432,CC
9433,CC
9434,CC
9435,CC
9436,CC
9437,CC
9438,CC
9439,CC
9440,CC
9441,CC
9442,CC
9443,CC
9444,CC
9445,CC
9446,CC
9447,CC
9448,CC
9449,CC
9450,CC
9451,CC
9452,CC
9453,CC
9454,CC
9455,CC
9456,CC
9457,CC
9458,CC
9459,CC
9460,CC
9461,CC
9462,CC
9463,CC
9464,CC
9465,CC
9466,CC
9467,CC
9468,CC
9469,CC
9470,CC
9471,CC
9472,CC
9473,CC
9474,CC
9475,CC
9476,CC
9477,CC
9478,CC
9479,CC
9480,CC
9481,CC
9482,CC
9483,CC
9484,CC
9485,CC
9486,CC
9487,CC
9488,CC
9489,CC
9490,CC
9491,CC
9492,CC
9493,CC
9494,CC
9495,CC
9496,CC
9497,CC
9498,CC
9499,CC
9500,CC
9501,CC
9502,CC
9503,CC
9504,CC
9505,CC
9506,CC
9507,CC
9508,CC
9509,CC
9510,CC
9511,CC
9512,CC
9513,CC
9514,CC
9515,CC
9516,CC
9517,CC
9518,CC
9519,CC
9520,CC
9521,CC
9522,CC
9523,CC
9524,CC
9525,CC
9526,CC
9527,CC
9528,CC
9529,CC
9530,CC
9531,CC
9532,CC
9533,CC
9534,CC
9535,CC
9536,CC
9537,CC
9538,CC
9539,CC
9540,CC
9541,CC
9542,CC
9543,CC
9544,CC
9545,CC
9546,CC
9547,CC
9548,CC
9549,CC
9550,CC
9551,CC
9552,CC
9553,CC
9554,CC
9555,CC
9556,CC
9557,CC
9558,CC
9559,CC
9560,CC
9561,CC
9562,CC
9563,CC
9564,CC
9565,CC
9566,CC
9567,CC
9568,CC
9569,CC
9570,CC
9571,CC
9572,CC
9573,CC
9574,CC
9575,CC
9576,CC
9577,CC
9578,CC
9579,CC
9580,CC
9581,CC
9582,CC
9583,CC
9584,CC
9585,CC
9586,CC
9587,CC
9588,CC
9589,CC
9590,CC
9591,CC
9592,CC
9593,CC
9594,CC
9595,CC
9596,CC
9597,CC
9598,CC
9599,CC
9600,CC
9601,CC
9602,CC
9603,CC
9604,CC
9605,CC
9606,CC
9607,CC
9608,CC
9609,CC
9610,CC
9611,CC
9612,CC
9613,CC
9614,CC
9615,CC
9616,CC
9617,CC
9618,CC
9619,CC
9620,CC
9621,CC
9622,CC
9623,CC
9624,CC
9625,CC
9626,CC
9627,CC
9628,CC
9629,CC
9630,CC
9631,CC
9632,CC
9633,CO
9634,CC
9635,CC
9636,CC
9637,CC
9638,CC
9639,CC
9640,CC
9641,CC
9642,CC
9643,CC
9644,CC
9645,CC
9646,CC
9647,CC
9648,CC
9649,CO
9650,CC
9651,CC
9652,CC
9653,CC
9654,CC
9655,CC
9656,CC
9657,CC
9658,CC
9659,CC
9660,CC
9661,CC
9662,CC
9663,CC
9664,CC
9665,CC
9666,CC
9667,CC
9668,CC
9669,CC
9670,CC
9671,CC
9672,CC
9673,CC
9674,CC
9675,CC
9676,CC
9677,CC
9678,CC
9679,CC
9680,CC
9681,CC
9682,CC
9683,CC
9684,CC
9685,CC
9686,CC
9687,CC
9688,CC
9689,CC
9690,CC
9691,CC
9692,CC
9693,CC
9694,CC
9695,CC
9696,CC
9697,CC
9698,CC
9699,CC
9700,CC
9701,CC
9702,CC
9703,CC
9704,CC
9705,CC
9706,CC
9707,CC
9708,CC
9709,CC
9710,CC
9711,CC
9712,CC
9713,CC
9714,CC
9715,CC
9716,CC
9717,CC
9718,CC
9719,CC
9720,CC
9721,CC
9722,CC
9723,CC
9724,CC
9725,CC
9726,CC
9727,CC
9728,CC
9729,CC
9730,CC
9731,CC
9732,CC
9733,CC
9734,CC
9735,CC
9736,CC
9737,CC
9738,CC
9739,CC
9740,CC
9741,CC
9742,CC
9743,CC
9744,CC
9745,CC
9746,CC
9747,CC
9748,CC
9749,CC
9750,CC
9751,CC
9752,CC
9753,CC
9754,CC
9755,CC
9756,CC
9757,CC
9758,CC
9759,CC
9760,CC
9761,CC
9762,CC
9763,CC
9764,CC
9765,CC
9766,CC
9767,CC
9768,CC
9769,CC
9770,CC
9771,CC
9772,CC
9773,CC
9774,CC
9775,CC
9776,CC
9777,CC
9778,CC
9779,CC
9780,CC
9781,CC
9782,CC
9783,CC
9784,CC
9785,CC
9786,CC
9787,CC
9788,CC
9789,CC
9790,CC
9791,CC
9792,CC
9793,CC
9794,CC
9795,CC
9796,CC
9797,CC
9798,CC
9799,CC
9800,CC
9801,CC
9802,CC
9803,CC
9804,CC
9805,CC
9806,CC
9807,CC
9808,CC
9809,CC
9810,CC
9811,CC
9812,CC
9813,CC
9814,CC
9815,CC
9816,CC
9817,CC
9818,CC
9819,CC
9820,CC
9821,CC
9822,CC
9823,CC
9824,CC
9825,CC
9826,CC
9827,CC
9828,CC
9829,CC
9830,CC
9831,CC
9832,CC
9833,CC
9834,CC
9835,CC
9836,CC
9837,CC
9838,CC
9839,CC
9840,CC
9841,CC
9842,CC
9843,CC
9844,CC
9845,CC
9846,CC
9847,CC
9848,CC
9849,CC
9850,CC
9851,CC
9852,CC
9853,CC
9854,CC
9855,CC
9856,CC
9857,CC
9858,CC
9859,CC
9860,CC
9861,CC
9862,CC
9863,CC
9864,CC
9865,CC
9866,CC
9867,CC
9868,CC
9869,CC
9870,CC
9871,CC
9872,CC
9873,CC
9874,CC
9875,CC
9876,CC
9877,CC
9878,CC
9879,CC
9880,CC
9881,CC
9882,CC
9883,CC
9884,CC
9885,CC
9886,CC
9887,CC
9888,CC
9889,CC
9890,CC
9891,CC
9892,CC
9893,CC
9894,CC
9895,CC
9896,CC
9897,CC
9898,CC
9899,CC
9900,CO
9901,CC
9902,CC
9903,CC
9904,CC
9905,CC
9906,CC
9907,CC
9908,CC
9909,CC
9910,CC
9911,CC
9912,CC
9913,CC
9914,CC
9915,CC
9916,CC
9917,CO
9918,CC
9919,CC
9920,CC
9921,CC
9922,CC
9923,CC
9924,CC
9925,CC
9926,CC
9927,CC
9928,CC
9929,CC
9930,CC
9931,CC
9932,CC
9933,CC
9934,CC
9935,CC
9936,CC
9937,CC
9938,CC
9939,CC
9940,CC
9941,CC
9942,CC
9943,CC
9944,CC
9945,CC
9946,CC
9947,CC
9948,CO
9949,CC
9950,CC
9951,CC
9952,CC
9953,CC
9954,CC
9955,CC
9956,CC
9957,CC
9958,CC
9959,CC
9960,CC
9961,CC
9962,CC
9963,CC
9964,CC
9965,CC
9966,CC
9967,CC
9968,CC
9969,CC
9970,CC
9971,CC
9972,CC
9973,CC
9974,CC
9975,CC
9976,CC
9977,CC
9978,CC
9979,CC
9980,CC
9981,CC
9982,CC
9983,CC
9984,CC
9985,CC
9986,CC
9987,CC
9988,CC
9989,CC
9990,CC
9991,CC
9992,CC
9993,CC
9994,CC
9995,CC
9996,CC
9997,CC
9998,CC
9999,CC
